"id","secretID","text","createTime","authorMeta.id","authorMeta.secUid","authorMeta.name","authorMeta.nickName","authorMeta.verified","authorMeta.signature","authorMeta.avatar","authorMeta.following","authorMeta.fans","authorMeta.heart","authorMeta.video","authorMeta.digg","musicMeta.musicId","musicMeta.musicName","musicMeta.musicAuthor","musicMeta.musicOriginal","musicMeta.musicAlbum","musicMeta.playUrl","musicMeta.coverThumb","musicMeta.coverMedium","musicMeta.coverLarge","musicMeta.duration","covers.default","covers.origin","covers.dynamic","webVideoUrl","videoUrl","videoUrlNoWaterMark","videoApiUrlNoWaterMark","videoMeta.height","videoMeta.width","videoMeta.duration","diggCount","shareCount","playCount","commentCount","downloaded","mentions","hashtags","effectStickers"
"6810871506189569286","6810871506189569286","",1585779598,"6792740569006326789","MS4wLjABAAAAd56jhlTao5P0lVtbYd95Nwjuyd0dB0EPdfZrRR865-k1PLlIuGDVyc9ghYuio9hP","covid.19virus","anthony cervantes",false,"it‚Äôs cervantes, not cerv 
congrats, you found me
follow my igüòé","https://p16-sign-va.tiktokcdn.com/musically-maliva-obj/1658384264178709~c5_1080x1080.jpeg?x-expires=1628280000&x-signature=UNWV1DRZKQTRWNle%2FXRH8t3Z0N0%3D",23,159200,2600000,40,111,"6807699451767949313","Will","Joyner Lucas",false,"Will","https://sf16-ies-music-va.tiktokcdn.com/obj/tos-useast2a-ve-2774/e57d7ef7f52647738a41b3cc7be444da","https://p77-va.tiktokcdn.com/img/tos-useast2a-v-2774/b34d5f0a137c4f8e9bc4b0e7225be7fa~c5_100x100.jpeg","https://p77-va.tiktokcdn.com/img/tos-useast2a-v-2774/b34d5f0a137c4f8e9bc4b0e7225be7fa~c5_200x200.jpeg","https://p77-va.tiktokcdn.com/img/tos-useast2a-v-2774/b34d5f0a137c4f8e9bc4b0e7225be7fa~c5_720x720.jpeg",30,"https://p16-sign-va.tiktokcdn.com/obj/tos-maliva-p-0068/dff04f9d65634c7cb69f948a14539f71_1585779603?x-expires=1628215200&x-signature=a0h%2F0zujwx6YBjZuQSLfRnGqupo%3D","https://p16-sign-va.tiktokcdn.com/obj/tos-maliva-p-0068/e9972de05eb148ea9b417f95956a7788_1585779604?x-expires=1628215200&x-signature=6bJT3Kke4jHYskI2ux%2FQMxAzKsM%3D","https://p16-sign-va.tiktokcdn.com/obj/tos-maliva-p-0068/c68e72dbebab43fe9e2601a44c0d926a_1585779603?x-expires=1628215200&x-signature=E3bl3W9ilynmL1WwZ4gwsbxyQPI%3D","https://www.tiktok.com/@covid.19virus/video/6810871506189569286","https://v16-web.tiktok.com/video/tos/useast2a/tos-useast2a-ve-0068c003/a68d3b1dbec2415ea9c7f1981456c2e7/?a=1988&br=2122&bt=1061&cd=0%7C0%7C1&ch=0&cr=0&cs=0&cv=1&dr=0&ds=3&er=&expire=1628218622&ft=Q9BExEBe_4ka&l=20210805205647010190218096442D0745&lr=tiktok_m&mime_type=video_mp4&net=0&pl=0&policy=2&qs=0&rc=amg8aWp2cXlrdDMzNDczM0ApNTMzOzY4ZGU8N2g5ZWgzNGczZDBvajMwMy9fLS1eMTZzcy9fMzYtMzI2NDFjYzYxMjE6Yw%3D%3D&signature=24f6765866d3343e1515e72d2bd9d4dd&tk=tt_webid_v2&vl=&vr=","","",1024,576,15,12200,58,93000,425,false,"[]","[]","[]"
"6809046013668740357","6809046013668740357","his name is Anthony Ruano, he is my friend. if you want to see more of me, follow that acc bc i will be active on there too @anthony.ruano",1585354567,"6792740569006326789","MS4wLjABAAAAd56jhlTao5P0lVtbYd95Nwjuyd0dB0EPdfZrRR865-k1PLlIuGDVyc9ghYuio9hP","covid.19virus","anthony cervantes",false,"it‚Äôs cervantes, not cerv 
congrats, you found me
follow my igüòé","https://p16-sign-va.tiktokcdn.com/musically-maliva-obj/1658384264178709~c5_1080x1080.jpeg?x-expires=1628280000&x-signature=UNWV1DRZKQTRWNle%2FXRH8t3Z0N0%3D",23,159200,2600000,40,111,"6806500768334596870","DJ Yames Mashup 2","Dj_yames",true,"","https://sf16-ies-music-va.tiktokcdn.com/obj/musically-maliva-obj/1661743470533670.mp3","https://p16-sign-va.tiktokcdn.com/tos-maliva-avt-0068/8d655d9123d913fac4531911880908ce~c5_100x100.jpeg?x-expires=1628280000&x-signature=ecG9JcoFWlDUIOwlZ7x9d55vt%2BM%3D","https://p16-sign-va.tiktokcdn.com/tos-maliva-avt-0068/8d655d9123d913fac4531911880908ce~c5_720x720.jpeg?x-expires=1628280000&x-signature=%2BCqZBGWrPsIJS47nm1yw5y7yfLA%3D","https://p16-sign-va.tiktokcdn.com/tos-maliva-avt-0068/8d655d9123d913fac4531911880908ce~c5_1080x1080.jpeg?x-expires=1628280000&x-signature=6TsAhxfF3pgnmcal5bmEor%2FwGSs%3D",16,"https://p16-sign-va.tiktokcdn.com/obj/tos-maliva-p-0068/81285acd8b3849b5829b96159147bd46_1585354572?x-expires=1628215200&x-signature=6KDu4sdu9slNkfnaJuJiTPKM4jc%3D","https://p16-sign-va.tiktokcdn.com/obj/tos-maliva-p-0068/f123e0f1bfee4b16abe6685d55047a7b_1585354572?x-expires=1628215200&x-signature=Qx1od2UDtMb1zYrB0K%2FSjKvQ2BQ%3D","https://p16-sign-va.tiktokcdn.com/obj/tos-maliva-p-0068/83cb512c656f4ea0a97a7f6e17921d98_1585354573?x-expires=1628215200&x-signature=nkwQRPXeD71Hhj1Lqa%2FZ8VFVwwc%3D","https://www.tiktok.com/@covid.19virus/video/6809046013668740357","https://v16-web.tiktok.com/video/tos/useast2a/tos-useast2a-pve-0068/2544fff196a6453fab5d120413a0630a/?a=1988&br=1492&bt=746&cd=0%7C0%7C1&ch=0&cr=0&cs=0&cv=1&dr=0&ds=3&er=&expire=1628218622&ft=Q9BExEBe_4ka&l=20210805205647010190218096442D0745&lr=tiktok_m&mime_type=video_mp4&net=0&pl=0&policy=2&qs=0&rc=amd5c3dnZGU8czMzMzczM0ApNDs8PDY5NmRpN2g5OjloN2duZjAybXBmYnNfLS1fMTZzcy8vLzMxMDFiYjEvMC5hMWA6Yw%3D%3D&signature=1962797d54ed3f91909378e676a50e3e&tk=tt_webid_v2&vl=&vr=","","",576,648,15,22600,24,98000,100,false,"[""@anthony""]","[]","[]"
"6809042898491936005","6809042898491936005","stripper things üòç",1585353842,"6792740569006326789","MS4wLjABAAAAd56jhlTao5P0lVtbYd95Nwjuyd0dB0EPdfZrRR865-k1PLlIuGDVyc9ghYuio9hP","covid.19virus","anthony cervantes",false,"it‚Äôs cervantes, not cerv 
congrats, you found me
follow my igüòé","https://p16-sign-va.tiktokcdn.com/musically-maliva-obj/1658384264178709~c5_1080x1080.jpeg?x-expires=1628280000&x-signature=UNWV1DRZKQTRWNle%2FXRH8t3Z0N0%3D",23,159200,2600000,40,111,"6729606913840990981","original sound","PARADIISE üíû",true,"","https://sf16-ies-music-va.tiktokcdn.com/obj/musically-maliva-obj/1642971093109765.mp3","https://p16-sign-va.tiktokcdn.com/tos-maliva-avt-0068/fc5aa9e16b12d594e6e839cc0d27d063~c5_100x100.jpeg?x-expires=1628280000&x-signature=C65qHbJViZK0wi0K3rw%2F09RebUE%3D","https://p16-sign-va.tiktokcdn.com/tos-maliva-avt-0068/fc5aa9e16b12d594e6e839cc0d27d063~c5_720x720.jpeg?x-expires=1628280000&x-signature=9c72MqH2e%2BzSfjTRU%2Bm4uGPE1Bc%3D","https://p16-sign-va.tiktokcdn.com/tos-maliva-avt-0068/fc5aa9e16b12d594e6e839cc0d27d063~c5_1080x1080.jpeg?x-expires=1628280000&x-signature=eSZX8iwxcUtWau2HFMibWqCt25Q%3D",10,"https://p16-sign-va.tiktokcdn.com/obj/tos-maliva-p-0068/b9e02bf4c13f43b88f85ee202599a3c9_1585353845?x-expires=1628215200&x-signature=7ZgS9AUTpzq95ByEGZfMtAtdDeE%3D","https://p16-sign-va.tiktokcdn.com/obj/tos-maliva-p-0068/299e038f105a4eab88e0172df2bed927_1585353845?x-expires=1628215200&x-signature=HWCopLeb9fxHte%2ByjepRnPyRq3Q%3D","https://p16-sign-va.tiktokcdn.com/obj/tos-maliva-p-0068/c3c50344b43d4251b685cbe4c66f9c78_1585353845?x-expires=1628215200&x-signature=ErbRlNQ2eWOqVRjIo5VmygFn8xM%3D","https://www.tiktok.com/@covid.19virus/video/6809042898491936005","https://v16-web.tiktok.com/video/tos/useast2a/tos-useast2a-ve-0068c004/14e2d9da68674b22b2807ed069c9b094/?a=1988&br=2214&bt=1107&cd=0%7C0%7C1&ch=0&cr=0&cs=0&cv=1&dr=0&ds=3&er=&expire=1628218617&ft=Q9BExEBe_4ka&l=20210805205647010190218096442D0745&lr=tiktok_m&mime_type=video_mp4&net=0&pl=0&policy=2&qs=0&rc=amp5dmx1d2o8czMzMzczM0ApMzs2ODc7ZTs3NzQ7NGhnOGduZzIuay1wNXNfLS1fMTZzcy5hMGItLjBfM18xYmBjMzM6Yw%3D%3D&signature=9cb4ffec3d9993e046dbdabff97d4aa9&tk=tt_webid_v2&vl=&vr=","","",1024,576,10,220200,1461,608300,512,false,"[]","[]","[]"
"6808637256018988294","6808637256018988294","#duet with @anthony.ruano my parents have some explaining to do",1585259395,"6792740569006326789","MS4wLjABAAAAd56jhlTao5P0lVtbYd95Nwjuyd0dB0EPdfZrRR865-k1PLlIuGDVyc9ghYuio9hP","covid.19virus","anthony cervantes",false,"it‚Äôs cervantes, not cerv 
congrats, you found me
follow my igüòé","https://p16-sign-va.tiktokcdn.com/musically-maliva-obj/1658384264178709~c5_1080x1080.jpeg?x-expires=1628280000&x-signature=UNWV1DRZKQTRWNle%2FXRH8t3Z0N0%3D",23,159200,2600000,40,111,"6800996740322297858","Savage","Megan Thee Stallion",false,"Suga","https://sf16-ies-music-va.tiktokcdn.com/obj/tos-useast2a-ve-2774/456087e02ca946328ecc31d7662bfab7","https://p77-va.tiktokcdn.com/img/tos-useast2a-v-2774/6e30c3a31bcd4d9fadbfef2f0a8feb12~c5_100x100.jpeg","https://p77-va.tiktokcdn.com/img/tos-useast2a-v-2774/6e30c3a31bcd4d9fadbfef2f0a8feb12~c5_200x200.jpeg","https://p77-va.tiktokcdn.com/img/tos-useast2a-v-2774/6e30c3a31bcd4d9fadbfef2f0a8feb12~c5_720x720.jpeg",60,"https://p16-sign-va.tiktokcdn.com/obj/tos-maliva-p-0068/190e0ed0b2ee4ad68ede63ffad55eb8b_1585259399?x-expires=1628215200&x-signature=lU9PDaRt8HBL%2B3qKjBG4ekS0zNg%3D","https://p16-sign-va.tiktokcdn.com/obj/tos-maliva-p-0068/c288cfdee37c4022b6e208fd43a28fe9_1585259399?x-expires=1628215200&x-signature=4f9pzviMeNcPyC0bSLcL9vb9I1c%3D","https://p16-sign-va.tiktokcdn.com/obj/tos-maliva-p-0068/58c0faaa2641432392f76cf3d69dc921_1585259399?x-expires=1628215200&x-signature=8bFGUFskUvfpeRKD5yfqWTFcyuQ%3D","https://www.tiktok.com/@covid.19virus/video/6808637256018988294","https://v16-web.tiktok.com/video/tos/useast2a/tos-useast2a-pve-0068/5aae1efabb9a47d48a02e695a66a67c2/?a=1988&br=1032&bt=516&cd=0%7C0%7C1&ch=0&cr=0&cs=0&cv=1&dr=0&ds=3&er=&expire=1628218622&ft=Q9BExEBe_4ka&l=20210805205647010190218096442D0745&lr=tiktok_m&mime_type=video_mp4&net=0&pl=0&policy=2&qs=0&rc=M3RsOnNwNnJsczMzMzczM0ApZmY8ZDlnZmRkN2hmN2hmOGcvXm9kZG9kM3JfLS0tMTZzczFeM2NgMWAuMmBjM18yX2I6Yw%3D%3D&signature=a440d3810c64223a073f43da99a58ff8&tk=tt_webid_v2&vl=&vr=","","",576,648,15,30700,46,99300,227,false,"[""@anthony""]","[{""id"":""30496"",""name"":""duet"",""title"":""Use our Duet feature because two is always better than one."",""cover"":""https://p77-va.tiktokcdn.com/obj/musically-maliva-obj/dff7a84f4a6523e32f92b9a79b1e4d34""}]","[]"
"6808327174362320134","6808327174362320134","@ohboyprincec4s #WildOutChallenge",1585187199,"6792740569006326789","MS4wLjABAAAAd56jhlTao5P0lVtbYd95Nwjuyd0dB0EPdfZrRR865-k1PLlIuGDVyc9ghYuio9hP","covid.19virus","anthony cervantes",false,"it‚Äôs cervantes, not cerv 
congrats, you found me
follow my igüòé","https://p16-sign-va.tiktokcdn.com/musically-maliva-obj/1658384264178709~c5_1080x1080.jpeg?x-expires=1628280000&x-signature=UNWV1DRZKQTRWNle%2FXRH8t3Z0N0%3D",23,159200,2600000,40,111,"6804153227374758661","Wild Out By OhBoyPrince","Oh Boy Prince",true,"","https://sf16-ies-music-va.tiktokcdn.com/obj/musically-maliva-obj/1661170652230710.mp3","https://p16-sign-va.tiktokcdn.com/tos-maliva-avt-0068/a4b5a09178ecc5623198dbf3df780d6f~c5_100x100.jpeg?x-expires=1628280000&x-signature=g5hmOMS30iHCkXtsII6fTaizVnU%3D","https://p16-sign-va.tiktokcdn.com/tos-maliva-avt-0068/a4b5a09178ecc5623198dbf3df780d6f~c5_720x720.jpeg?x-expires=1628280000&x-signature=DLbunNLSOeaj4E%2BEDIp2CMtsDYc%3D","https://p16-sign-va.tiktokcdn.com/tos-maliva-avt-0068/a4b5a09178ecc5623198dbf3df780d6f~c5_1080x1080.jpeg?x-expires=1628280000&x-signature=6WhMp%2BQdd0qSvuyw%2FLIt0eSTTxg%3D",27,"https://p16-sign-va.tiktokcdn.com/obj/tos-maliva-p-0068/02ba7160c91c4fb8b13d90eaef4e74ae_1585187202?x-expires=1628215200&x-signature=a3QfndReUDlPgKC1n7kziNVL718%3D","https://p16-sign-va.tiktokcdn.com/obj/tos-maliva-p-0068/c091f7052a534966a5a8c778755c681f_1585187202?x-expires=1628215200&x-signature=nVo4nffHK2UyUciZeSsFqnRNXK8%3D","https://p16-sign-va.tiktokcdn.com/obj/tos-maliva-p-0068/4bcc0c9debb84e5da7613c1b7271b4dd_1585187202?x-expires=1628215200&x-signature=7FrPl%2FdglDlvhxZwDrtqtXnSvwU%3D","https://www.tiktok.com/@covid.19virus/video/6808327174362320134","https://v16-web.tiktok.com/video/tos/useast2a/tos-useast2a-ve-0068c001/01d4dea8c8e046d6bc727de07698fca1/?a=1988&br=2202&bt=1101&cd=0%7C0%7C1&ch=0&cr=0&cs=0&cv=1&dr=0&ds=3&er=&expire=1628218634&ft=Q9BExEBe_4ka&l=20210805205647010190218096442D0745&lr=tiktok_m&mime_type=video_mp4&net=0&pl=0&policy=2&qs=0&rc=andpbzo8dHMzczMzOjczM0ApZzkzOjM0Zzw1N2c1ZjU4aWctNHFtZW5gZnJfLS0yMTZzczZiLTU1YGJhYWBeLzM2YTQ6Yw%3D%3D&signature=fdde70da67b7e5ce905f63193ec077f8&tk=tt_webid_v2&vl=&vr=","","",1024,576,27,6323,24,42700,74,false,"[""@ohboyprincec4s""]","[{""id"":""26780102"",""name"":""wildoutchallenge"",""title"":"""",""cover"":""""}]","[]"
"6808010089224506629","6808010089224506629","dc @charlidamelio",1585113373,"6792740569006326789","MS4wLjABAAAAd56jhlTao5P0lVtbYd95Nwjuyd0dB0EPdfZrRR865-k1PLlIuGDVyc9ghYuio9hP","covid.19virus","anthony cervantes",false,"it‚Äôs cervantes, not cerv 
congrats, you found me
follow my igüòé","https://p16-sign-va.tiktokcdn.com/musically-maliva-obj/1658384264178709~c5_1080x1080.jpeg?x-expires=1628280000&x-signature=UNWV1DRZKQTRWNle%2FXRH8t3Z0N0%3D",23,159200,2600000,40,111,"6798725465080138502","Beyonc√© Check On It JBroadway Remix","JBroadway",true,"","https://sf16-ies-music-va.tiktokcdn.com/obj/musically-maliva-obj/1659863508722694.mp3","https://p16-sign-va.tiktokcdn.com/tos-maliva-avt-0068/87a2ac87c62c0c23d42dd1d530b51671~c5_100x100.jpeg?x-expires=1628280000&x-signature=bRtulx3ltWh%2F8ib9s6WUXX3%2FE3k%3D","https://p16-sign-va.tiktokcdn.com/tos-maliva-avt-0068/87a2ac87c62c0c23d42dd1d530b51671~c5_720x720.jpeg?x-expires=1628280000&x-signature=8qeJ6vo1IHk3clunsx1JMn3aXb0%3D","https://p16-sign-va.tiktokcdn.com/tos-maliva-avt-0068/87a2ac87c62c0c23d42dd1d530b51671~c5_1080x1080.jpeg?x-expires=1628280000&x-signature=X%2B4M90JNOWJlLho4lZcZG6W96iY%3D",38,"https://p16-sign-va.tiktokcdn.com/obj/tos-maliva-p-0068/ed0868c3b6384cd387e668e55a2eaf1d_1585113378?x-expires=1628215200&x-signature=0JCxEhqMYu4x5Nt9p6nzK04gtao%3D","https://p16-sign-va.tiktokcdn.com/obj/tos-maliva-p-0068/7a44555872c44b3787d5e3f022ea675e_1585113378?x-expires=1628215200&x-signature=2WzrTsNy%2Fc9myBkPhrsSheGb%2FgM%3D","https://p16-sign-va.tiktokcdn.com/obj/tos-maliva-p-0068/f9f1d4b8933b45568899dd08bdf64ae5_1585113379?x-expires=1628215200&x-signature=NiPmk8ndwhE9oLxNC2jToRILEEw%3D","https://www.tiktok.com/@covid.19virus/video/6808010089224506629","https://v16-web.tiktok.com/video/tos/useast2a/tos-useast2a-pve-0068/d0b3b1d1609546e9b11367ba9a0360fd/?a=1988&br=2730&bt=1365&cd=0%7C0%7C1&ch=0&cr=0&cs=0&cv=1&dr=0&ds=3&er=&expire=1628218622&ft=Q9BExEBe_4ka&l=20210805205647010190218096442D0745&lr=tiktok_m&mime_type=video_mp4&net=0&pl=0&policy=2&qs=0&rc=ajUzbzo8dHdoczMzOjczM0ApNWk8ZDs1O2U8NzRkZWdpOWdob3BtZW5gZXFfLS0yMTZzczReMWIwYGMzLS8tMjYwL146Yw%3D%3D&signature=cd0687f05fba3b35582317f3c2ba2202&tk=tt_webid_v2&vl=&vr=","","",1024,576,15,39500,156,129000,335,false,"[""@charlidamelio""]","[]","[]"
"6807210358642576646","6807210358642576646","#SorryMomAndDad @ashnikko",1584927170,"6792740569006326789","MS4wLjABAAAAd56jhlTao5P0lVtbYd95Nwjuyd0dB0EPdfZrRR865-k1PLlIuGDVyc9ghYuio9hP","covid.19virus","anthony cervantes",false,"it‚Äôs cervantes, not cerv 
congrats, you found me
follow my igüòé","https://p16-sign-va.tiktokcdn.com/musically-maliva-obj/1658384264178709~c5_1080x1080.jpeg?x-expires=1628280000&x-signature=UNWV1DRZKQTRWNle%2FXRH8t3Z0N0%3D",23,159200,2600000,40,111,"6799968441726928897","Tantrum","Ashnikko",false,"Tantrum","https://sf16-ies-music-va.tiktokcdn.com/obj/tos-useast2a-ve-2774/4dac6ee7ac0444cfb276113ebd044464","https://p77-va.tiktokcdn.com/img/tos-useast2a-v-2774/9022aa53fc334157affb7e1dd66d3b6a~c5_100x100.jpeg","https://p77-va.tiktokcdn.com/img/tos-useast2a-v-2774/9022aa53fc334157affb7e1dd66d3b6a~c5_200x200.jpeg","https://p77-va.tiktokcdn.com/img/tos-useast2a-v-2774/9022aa53fc334157affb7e1dd66d3b6a~c5_720x720.jpeg",60,"https://p16-sign-va.tiktokcdn.com/obj/tos-maliva-p-0068/6842cb4e920d4f4199afd1bfaabee1f6_1584927174?x-expires=1628215200&x-signature=ged5rEQLZApulUiNkQcr0%2BihS3o%3D","https://p16-sign-va.tiktokcdn.com/obj/tos-maliva-p-0068/caa5dd70895b4d86bb276af0a7a3d22b_1584927175?x-expires=1628215200&x-signature=0Te2FfBtsG6%2BKsW%2BZtJXKGyt0rU%3D","https://p16-sign-va.tiktokcdn.com/obj/tos-maliva-p-0068/46ddaf927b0f48e99715559cde3218e6_1584927175?x-expires=1628215200&x-signature=4oUbtpGnhV1X0W9XztadXIgu03U%3D","https://www.tiktok.com/@covid.19virus/video/6807210358642576646","https://v16-web.tiktok.com/video/tos/useast2a/tos-useast2a-pve-0068/1592d11864ae4035ba2168be04c9391b/?a=1988&br=1664&bt=832&cd=0%7C0%7C1&ch=0&cr=0&cs=0&cv=1&dr=0&ds=3&er=&expire=1628218617&ft=Q9BExEBe_4ka&l=20210805205647010190218096442D0745&lr=tiktok_m&mime_type=video_mp4&net=0&pl=0&policy=2&qs=0&rc=M2l1aGg2ODo0czMzNzczM0ApNmdpaTNkZWQ8N2U0PGQ0ZmdjMS5ta3JqMHBfLS1jMTZzczJiXzYyYzQyYTNfMjFeXjY6Yw%3D%3D&signature=c557b021e9dc3f9dd2bbbd4db92efbf2&tk=tt_webid_v2&vl=&vr=","","",1024,576,10,50900,233,136100,182,false,"[""@ashnikko""]","[{""id"":""3018118"",""name"":""sorrymomanddad"",""title"":"""",""cover"":""""}]","[{""id"":""234469"",""name"":""El Sigue-caras""}]"
"6807153138232069381","6807153138232069381","",1584913847,"6792740569006326789","MS4wLjABAAAAd56jhlTao5P0lVtbYd95Nwjuyd0dB0EPdfZrRR865-k1PLlIuGDVyc9ghYuio9hP","covid.19virus","anthony cervantes",false,"it‚Äôs cervantes, not cerv 
congrats, you found me
follow my igüòé","https://p16-sign-va.tiktokcdn.com/musically-maliva-obj/1658384264178709~c5_1080x1080.jpeg?x-expires=1628280000&x-signature=UNWV1DRZKQTRWNle%2FXRH8t3Z0N0%3D",23,159200,2600000,40,111,"6800808207666187014","Past Life","Trevor Daniel",false,"Past Life","https://sf16-ies-music-va.tiktokcdn.com/obj/tos-useast2a-ve-2774/b6839045eaab4ee2a170d3eeb7428eca","https://p77-va.tiktokcdn.com/img/tos-useast2a-v-2774/668d36cf7dce46eaacb62f78c66861fe~c5_100x100.jpeg","https://p77-va.tiktokcdn.com/img/tos-useast2a-v-2774/668d36cf7dce46eaacb62f78c66861fe~c5_200x200.jpeg","https://p77-va.tiktokcdn.com/img/tos-useast2a-v-2774/668d36cf7dce46eaacb62f78c66861fe~c5_720x720.jpeg",15,"https://p16-sign-va.tiktokcdn.com/obj/tos-maliva-p-0068/cf85048716de42d5ae38236f6271da9e_1584913851?x-expires=1628215200&x-signature=AXqg01%2FwH7Vu46F6ZcdKqL4whv4%3D","https://p16-sign-va.tiktokcdn.com/obj/tos-maliva-p-0068/e6118e77264c44d1b230366865c0b6ea_1584913851?x-expires=1628215200&x-signature=%2Bc%2F7bp4gZZULHVI4GZOSaO4DgzA%3D","https://p16-sign-va.tiktokcdn.com/obj/tos-maliva-p-0068/bf0b514178924ffda37634a2a5961e72_1584913851?x-expires=1628215200&x-signature=XiEb5jO%2F2%2F2wGDDuPo7NyY8JQkM%3D","https://www.tiktok.com/@covid.19virus/video/6807153138232069381","https://v16-web.tiktok.com/video/tos/useast2a/tos-useast2a-ve-0068c003/2918374e3c5b48caaee4678c7245f489/?a=1988&br=1444&bt=722&cd=0%7C0%7C1&ch=0&cr=0&cs=0&cv=1&dr=0&ds=3&er=&expire=1628218622&ft=Q9BExEBe_4ka&l=20210805205647010190218096442D0745&lr=tiktok_m&mime_type=video_mp4&net=0&pl=0&policy=2&qs=0&rc=M3YzdmhsOjp3czMzNzczM0ApNGk3aDs0aTwzN2U6NjdkZ2c2Y2VzNGFkb29fLS1eMTZzc2MtYi8uMTFiLi8yNGExNTQ6Yw%3D%3D&signature=6a2e4296a92c80176f4564df7438dc4e&tk=tt_webid_v2&vl=&vr=","","",1024,576,15,11500,44,42200,109,false,"[]","[]","[{""id"":""322369"",""name"":""Pantalla Verde""},{""id"":""459530"",""name"":""Green Screen Video""}]"
"6806875390997449990","6806875390997449990","",1584849180,"6792740569006326789","MS4wLjABAAAAd56jhlTao5P0lVtbYd95Nwjuyd0dB0EPdfZrRR865-k1PLlIuGDVyc9ghYuio9hP","covid.19virus","anthony cervantes",false,"it‚Äôs cervantes, not cerv 
congrats, you found me
follow my igüòé","https://p16-sign-va.tiktokcdn.com/musically-maliva-obj/1658384264178709~c5_1080x1080.jpeg?x-expires=1628280000&x-signature=UNWV1DRZKQTRWNle%2FXRH8t3Z0N0%3D",23,159200,2600000,40,111,"6788908513348291334","","ti",true,"","","https://p16-sign-va.tiktokcdn.com/tos-maliva-avt-0068/f8e80036b95d7f54ca25b72426db68e0~c5_100x100.jpeg?x-expires=1628280000&x-signature=TNWbkUecWXTe5MyNyNRds7Zr8Wc%3D","https://p16-sign-va.tiktokcdn.com/tos-maliva-avt-0068/f8e80036b95d7f54ca25b72426db68e0~c5_720x720.jpeg?x-expires=1628280000&x-signature=BPLal3oNXTqZD1QNDgv0LGwV7%2FY%3D","https://p16-sign-va.tiktokcdn.com/tos-maliva-avt-0068/f8e80036b95d7f54ca25b72426db68e0~c5_1080x1080.jpeg?x-expires=1628280000&x-signature=IL%2B5gzEZdXvgQDjCgtdiMsKkit4%3D",15,"https://p16-sign-va.tiktokcdn.com/obj/tos-maliva-p-0068/f9bd4a4cd41b41e5afbd2d48214e5637_1584849183?x-expires=1628215200&x-signature=xLZDSFfjMNpsn5cY5y4ikP9cKqo%3D","https://p16-sign-va.tiktokcdn.com/obj/tos-maliva-p-0068/321797fb91f34988b5deb10bc8370b1c_1584849183?x-expires=1628215200&x-signature=OZRYdMiIE6bIm%2B7LiWbopjyRvJE%3D","https://p16-sign-va.tiktokcdn.com/obj/tos-maliva-p-0068/4ea07ebd2a044ebb914201559efc2b29_1584849184?x-expires=1628215200&x-signature=yWHGHggDGOrokqhIsy8Vza%2FBvcY%3D","https://www.tiktok.com/@covid.19virus/video/6806875390997449990","https://v16-web.tiktok.com/video/tos/useast2a/tos-useast2a-ve-0068c001/291323fef9d84cb89149226938d28a69/?a=1988&br=3020&bt=1510&cd=0%7C0%7C1&ch=0&cr=0&cs=0&cv=1&dr=0&ds=3&er=&expire=1628218622&ft=Q9BExEBe_4ka&l=20210805205647010190218096442D0745&lr=tiktok_m&mime_type=video_mp4&net=0&pl=0&policy=2&qs=0&rc=ajk7M3F3OjRoczMzNzczM0ApZTZoPDtlaTs7NzNlZzM0ZGdsZGwtL2pnL29fLS1jMTZzczYzLzIwLS8yXjIzLl9hYi86Yw%3D%3D&signature=8647de242cd2616b99ece313c40bea4d&tk=tt_webid_v2&vl=&vr=","","",1024,576,15,53700,208,141900,481,false,"[]","[]","[]"
"6806521419653074181","6806521419653074181","",1584766765,"6792740569006326789","MS4wLjABAAAAd56jhlTao5P0lVtbYd95Nwjuyd0dB0EPdfZrRR865-k1PLlIuGDVyc9ghYuio9hP","covid.19virus","anthony cervantes",false,"it‚Äôs cervantes, not cerv 
congrats, you found me
follow my igüòé","https://p16-sign-va.tiktokcdn.com/musically-maliva-obj/1658384264178709~c5_1080x1080.jpeg?x-expires=1628280000&x-signature=UNWV1DRZKQTRWNle%2FXRH8t3Z0N0%3D",23,159200,2600000,40,111,"6794200211376917254","like that slowed","‚ù•ùêØùê°ùê¨ùêõùêÆùêßùêßùê≤",true,"","https://sf16-ies-music-va.tiktokcdn.com/obj/musically-maliva-obj/1658740302823477.mp3","https://p16-sign-va.tiktokcdn.com/musically-maliva-obj/1663110812221446~c5_100x100.jpeg?x-expires=1628280000&x-signature=FsV8Q9pvOydd2jUu4KBQKWxcB8g%3D","https://p16-sign-va.tiktokcdn.com/musically-maliva-obj/1663110812221446~c5_720x720.jpeg?x-expires=1628280000&x-signature=gBcStesM09%2FRI1pbuuNbGeLIVPs%3D","https://p16-sign-va.tiktokcdn.com/musically-maliva-obj/1663110812221446~c5_1080x1080.jpeg?x-expires=1628280000&x-signature=u8eIqS0NOSHP0qcOY7rN8JqnWAg%3D",12,"https://p16-sign-va.tiktokcdn.com/obj/tos-maliva-p-0068/dbe037badaac4e3b9c292a4e04dcd992_1584769296?x-expires=1628215200&x-signature=jPLrjIT6dy4Z6fVszRw%2FclUFGJ8%3D","https://p16-sign-va.tiktokcdn.com/obj/tos-maliva-p-0068/c5f5a470987f4f128d7ce2a4e5b829f2_1584769296?x-expires=1628215200&x-signature=U3VZtu4kCmvwewbaMRzul6sElyM%3D","https://p16-sign-va.tiktokcdn.com/obj/tos-maliva-p-0068/4864042cce4e4102a30326b1c01c370e_1584769296?x-expires=1628215200&x-signature=09M0gqaYb0hN5eFXFHsupi9xos8%3D","https://www.tiktok.com/@covid.19virus/video/6806521419653074181","https://v16-web.tiktok.com/video/tos/useast2a/tos-useast2a-pve-0068/39fdcdae5c0f456e85f8c51587b329fe/?a=1988&br=2158&bt=1079&cd=0%7C0%7C1&ch=0&cr=0&cs=0&cv=1&dr=0&ds=3&er=&expire=1628218619&ft=Q9BExEBe_4ka&l=20210805205647010190218096442D0745&lr=tiktok_m&mime_type=video_mp4&net=0&pl=0&policy=2&qs=0&rc=amY0Z3B3NTlzczMzNzczM0ApNmYzOWRoNTs6NzlpOTtnNWdmbi8za2Vkcm5fLS1eMTZzc15jXjI0MjI0LWJjYWFfYl86Yw%3D%3D&signature=09f645c17c50221da65f55f1c1563923&tk=tt_webid_v2&vl=&vr=","","",1024,576,12,47800,255,166700,443,false,"[]","[]","[]"
"6806081360038612230","6806081360038612230","ive been doing underrated dance during quarintine",1584664305,"6792740569006326789","MS4wLjABAAAAd56jhlTao5P0lVtbYd95Nwjuyd0dB0EPdfZrRR865-k1PLlIuGDVyc9ghYuio9hP","covid.19virus","anthony cervantes",false,"it‚Äôs cervantes, not cerv 
congrats, you found me
follow my igüòé","https://p16-sign-va.tiktokcdn.com/musically-maliva-obj/1658384264178709~c5_1080x1080.jpeg?x-expires=1628280000&x-signature=UNWV1DRZKQTRWNle%2FXRH8t3Z0N0%3D",23,159200,2600000,40,111,"6803830514911283201","Dunkin Donuts","Jady",false,"Dunkin' Donuts","https://sf16-ies-music-va.tiktokcdn.com/obj/tos-useast2a-ve-2774/bc4ffae3cdc640d4a817b861f577570c","https://p77-va.tiktokcdn.com/img/tos-useast2a-v-2774/63d689c4af7d450683d4a3486e6db016~c5_100x100.jpeg","https://p77-va.tiktokcdn.com/img/tos-useast2a-v-2774/63d689c4af7d450683d4a3486e6db016~c5_200x200.jpeg","https://p77-va.tiktokcdn.com/img/tos-useast2a-v-2774/63d689c4af7d450683d4a3486e6db016~c5_720x720.jpeg",30,"https://p16-sign-va.tiktokcdn.com/obj/tos-maliva-p-0068/50e3d8994aa34cdb853e28d9713d86f1_1584664308?x-expires=1628215200&x-signature=5BbotuOOqpciu4n%2FaIvRSIQs82E%3D","https://p16-sign-va.tiktokcdn.com/obj/tos-maliva-p-0068/e481a6dd9a0a4e088aa027afb106c3e4_1584664308?x-expires=1628215200&x-signature=r55stUVHrdOpTHplt%2F0QZ9vsxu8%3D","https://p16-sign-va.tiktokcdn.com/obj/tos-maliva-p-0068/7f064cc7db2748faa3e74b1dce411218_1584664308?x-expires=1628215200&x-signature=we1R%2FItSkVgJZAmW8rwNSlP7SKk%3D","https://www.tiktok.com/@covid.19virus/video/6806081360038612230","https://v16-web.tiktok.com/video/tos/useast2a/tos-useast2a-ve-0068c003/03a5e6286fb74cbba848ef9a28af16e7/?a=1988&br=3598&bt=1799&cd=0%7C0%7C1&ch=0&cr=0&cs=0&cv=1&dr=0&ds=3&er=&expire=1628218622&ft=Q9BExEBe_4ka&l=20210805205647010190218096442D0745&lr=tiktok_m&mime_type=video_mp4&net=0&pl=0&policy=2&qs=0&rc=Mzx0OTRoZ3IzczMzPDczM0ApNjY4Nzc7OjtnNzU3ZmUzOmdpXnAuNmJjcW5fLS02MTZzczFeLTBeMjBgYzAxLjYyXi06Yw%3D%3D&signature=41ef6c4adcdfb1bddc7c46d5d45fbf06&tk=tt_webid_v2&vl=&vr=","","",1280,720,15,7439,29,36000,118,false,"[]","[]","[]"
"6806081064273005829","6806081064273005829","im so bored bc of this corona shi #HowToBeLonely",1584664236,"6792740569006326789","MS4wLjABAAAAd56jhlTao5P0lVtbYd95Nwjuyd0dB0EPdfZrRR865-k1PLlIuGDVyc9ghYuio9hP","covid.19virus","anthony cervantes",false,"it‚Äôs cervantes, not cerv 
congrats, you found me
follow my igüòé","https://p16-sign-va.tiktokcdn.com/musically-maliva-obj/1658384264178709~c5_1080x1080.jpeg?x-expires=1628280000&x-signature=UNWV1DRZKQTRWNle%2FXRH8t3Z0N0%3D",23,159200,2600000,40,111,"6802736382587455490","How To Be Lonely","Rita Ora",false,"How To Be Lonely","https://sf16-ies-music-va.tiktokcdn.com/obj/tos-useast2a-ve-2774/79a7208b085b446286bbd480f0a7946c","https://p77-va.tiktokcdn.com/img/tos-useast2a-v-2774/7e1316ef40ec4a8b9cdcf073ec9dc45f~c5_100x100.jpeg","https://p77-va.tiktokcdn.com/img/tos-useast2a-v-2774/7e1316ef40ec4a8b9cdcf073ec9dc45f~c5_200x200.jpeg","https://p77-va.tiktokcdn.com/img/tos-useast2a-v-2774/7e1316ef40ec4a8b9cdcf073ec9dc45f~c5_720x720.jpeg",60,"https://p16-sign-va.tiktokcdn.com/obj/tos-maliva-p-0068/567c326159e84a10a753e133d13283bf_1584664241?x-expires=1628215200&x-signature=%2B20Tcd%2F2ErLaNonYiG96bQ42af4%3D","https://p16-sign-va.tiktokcdn.com/obj/tos-maliva-p-0068/8139d64e898f46ec8673074973bd310b_1584664243?x-expires=1628215200&x-signature=o1WqUoefYA6eYr8fX7T88z2ZmWU%3D","https://p16-sign-va.tiktokcdn.com/obj/tos-maliva-p-0068/2ab30f784c4c461f8447a282e1b1532f_1584664242?x-expires=1628215200&x-signature=ScRM1KBfyTXcUZ3BYKgCC%2BrQ%2Fd8%3D","https://www.tiktok.com/@covid.19virus/video/6806081064273005829","https://v16-web.tiktok.com/video/tos/useast2a/tos-useast2a-pve-0068/33a1aa34ae1b47c7b451ed75653a5171/?a=1988&br=4712&bt=2356&cd=0%7C0%7C1&ch=0&cr=0&cs=0&cv=1&dr=0&ds=3&er=&expire=1628218622&ft=Q9BExEBe_4ka&l=20210805205647010190218096442D0745&lr=tiktok_m&mime_type=video_mp4&net=0&pl=0&policy=2&qs=0&rc=amdlPHh1dzkzczMzNDczM0ApNmZkZmc4ZmRnN2g6NWQ6PGcvNV5ray1gcW5fLS0wMTZzczQzNTM1NDMuMjFgNDReY186Yw%3D%3D&signature=3278f722616956851bf91a2a05bdbe13&tk=tt_webid_v2&vl=&vr=","","",1280,720,15,6491,7,35300,74,false,"[]","[{""id"":""43091850"",""name"":""howtobelonely"",""title"":"""",""cover"":""""}]","[]"
"6805443788660624645","6805443788660624645","i mean YOLO üò≠ü§üüèæ #coronavirus",1584515860,"6792740569006326789","MS4wLjABAAAAd56jhlTao5P0lVtbYd95Nwjuyd0dB0EPdfZrRR865-k1PLlIuGDVyc9ghYuio9hP","covid.19virus","anthony cervantes",false,"it‚Äôs cervantes, not cerv 
congrats, you found me
follow my igüòé","https://p16-sign-va.tiktokcdn.com/musically-maliva-obj/1658384264178709~c5_1080x1080.jpeg?x-expires=1628280000&x-signature=UNWV1DRZKQTRWNle%2FXRH8t3Z0N0%3D",23,159200,2600000,40,111,"6738439639826287365","Roses (Imanbek Remix)","SAINt JHN",false,"Roses (Imanbek Remix)","","https://p77-va.tiktokcdn.com/img/tos-useast2a-v-2774/343880cc1dfd49f7a3b99ffe891fb052~c5_100x100.jpeg","https://p77-va.tiktokcdn.com/img/tos-useast2a-v-2774/343880cc1dfd49f7a3b99ffe891fb052~c5_200x200.jpeg","https://p77-va.tiktokcdn.com/img/tos-useast2a-v-2774/343880cc1dfd49f7a3b99ffe891fb052~c5_720x720.jpeg",20,"https://p16-sign-va.tiktokcdn.com/obj/tos-maliva-p-0068/8af19cd8ea8d4ddc90c91c55d339c2f7_1584515864?x-expires=1628215200&x-signature=ZHHMZGl93%2Fa9pQyXSPRimuHuJMU%3D","https://p16-sign-va.tiktokcdn.com/obj/tos-maliva-p-0068/d2fe921d5ecf46b5913caad4fbfe9f33_1584515864?x-expires=1628215200&x-signature=mgwkRcxE9YVeT9kg%2Ft0FuXlti2o%3D","https://p16-sign-va.tiktokcdn.com/obj/tos-maliva-p-0068/d2a11d28aec94ed1972ef03903c8748d_1584515864?x-expires=1628215200&x-signature=%2FM7QmkdXsigNf5c%2BPaowiH%2B33wk%3D","https://www.tiktok.com/@covid.19virus/video/6805443788660624645","https://v16-web.tiktok.com/video/tos/useast2a/tos-useast2a-pve-0068/c9d5234b91494bde9c8c902861441d56/?a=1988&br=3278&bt=1639&cd=0%7C0%7C1&ch=0&cr=0&cs=0&cv=1&dr=0&ds=3&er=&expire=1628218622&ft=Q9BExEBe_4ka&l=20210805205647010190218096442D0745&lr=tiktok_m&mime_type=video_mp4&net=0&pl=0&policy=2&qs=0&rc=M3A4Z3N2cTR2czMzPDczM0ApOGY3OjU8NGVnNzc6NDY2NmdzZ2QtajMwamxfLS0zMTZzczZhXmFgNDQxYmMuNGNfL2M6Yw%3D%3D&signature=52b5cb2ed2137ec0a65b7f99b31884c8&tk=tt_webid_v2&vl=&vr=","","",1280,720,15,183100,800,447000,1855,false,"[]","[{""id"":""1635241621599237"",""name"":""coronavirus"",""title"":"""",""cover"":""""}]","[]"
"6803105139801591046","6803105139801591046","",1583971350,"6792740569006326789","MS4wLjABAAAAd56jhlTao5P0lVtbYd95Nwjuyd0dB0EPdfZrRR865-k1PLlIuGDVyc9ghYuio9hP","covid.19virus","anthony cervantes",false,"it‚Äôs cervantes, not cerv 
congrats, you found me
follow my igüòé","https://p16-sign-va.tiktokcdn.com/musically-maliva-obj/1658384264178709~c5_1080x1080.jpeg?x-expires=1628280000&x-signature=UNWV1DRZKQTRWNle%2FXRH8t3Z0N0%3D",23,159200,2600000,40,111,"6796513206148909829","Over it Chinese New Year Remix by JohhnyG","KingVADER ",true,"","https://sf16-ies-music-va.tiktokcdn.com/obj/musically-maliva-obj/1659295987682326.mp3","https://p16-sign-va.tiktokcdn.com/musically-maliva-obj/1621776795577349~c5_100x100.jpeg?x-expires=1628280000&x-signature=FNdNV5DMPTY5jkB4jskmgMGU1ME%3D","https://p16-sign-va.tiktokcdn.com/musically-maliva-obj/1621776795577349~c5_720x720.jpeg?x-expires=1628280000&x-signature=Pq%2BERo4Mp5CmPFhuX%2B81ChfRKYc%3D","https://p16-sign-va.tiktokcdn.com/musically-maliva-obj/1621776795577349~c5_1080x1080.jpeg?x-expires=1628280000&x-signature=T8UtpdpC7uJwwGObYFRtHmk8Z44%3D",22,"https://p16-sign-va.tiktokcdn.com/obj/tos-maliva-p-0068/401c5debbb8f400a93618d6c331383a9_1583971353?x-expires=1628215200&x-signature=tNDTB4xAWU7Lg1jLnW%2FAn%2Bjid5g%3D","https://p16-sign-va.tiktokcdn.com/obj/tos-maliva-p-0068/1e4b2509947348339ad308bba34162c7_1583971353?x-expires=1628215200&x-signature=yaFWmY6IGlJVpyjbHQN3nvAcnj8%3D","https://p16-sign-va.tiktokcdn.com/obj/tos-maliva-p-0068/e4140147be94499db2144dac554ecd41_1583971353?x-expires=1628215200&x-signature=yuGzxmSw6FjFffXzrnIeU0SyqOI%3D","https://www.tiktok.com/@covid.19virus/video/6803105139801591046","https://v16-web.tiktok.com/video/tos/useast2a/tos-useast2a-pve-0068/b99993c9f15143ad9c59084a364dc066/?a=1988&br=2972&bt=1486&cd=0%7C0%7C1&ch=0&cr=0&cs=0&cv=1&dr=0&ds=3&er=&expire=1628218622&ft=Q9BExEBe_4ka&l=20210805205647010190218096442D0745&lr=tiktok_m&mime_type=video_mp4&net=0&pl=0&policy=2&qs=0&rc=M3g1ZDw8dGRxczMzZDczM0ApNTVpZmY7PGVmNzg3aTZkZ2dkXy9gZW5ga2hfLS0xMTZzczNfNmBeMGAxYTYzM2M2NC86Yw%3D%3D&signature=ea3ede161e725c8bc0736768a2a856cb&tk=tt_webid_v2&vl=&vr=","","",1280,720,15,81200,422,210500,505,false,"[]","[]","[]"
"6802056930740161797","6802056930740161797","#duet with @rymanick god do be testing me today",1583727300,"6792740569006326789","MS4wLjABAAAAd56jhlTao5P0lVtbYd95Nwjuyd0dB0EPdfZrRR865-k1PLlIuGDVyc9ghYuio9hP","covid.19virus","anthony cervantes",false,"it‚Äôs cervantes, not cerv 
congrats, you found me
follow my igüòé","https://p16-sign-va.tiktokcdn.com/musically-maliva-obj/1658384264178709~c5_1080x1080.jpeg?x-expires=1628280000&x-signature=UNWV1DRZKQTRWNle%2FXRH8t3Z0N0%3D",23,159200,2600000,40,111,"6717784692353010438","Swish Mike Stud","b",true,"","https://sf16-ies-music-va.tiktokcdn.com/obj/musically-maliva-obj/1640088294330421.mp3","https://p16-sign-va.tiktokcdn.com/tos-maliva-avt-0068/de67bd192ea175f4cbc97ebdf0c9369d~c5_100x100.jpeg?x-expires=1628280000&x-signature=KVBM5PLmXOYf6l8nsQcVJe6ax5I%3D","https://p16-sign-va.tiktokcdn.com/tos-maliva-avt-0068/de67bd192ea175f4cbc97ebdf0c9369d~c5_720x720.jpeg?x-expires=1628280000&x-signature=hbVTrbqHtoQsD%2F%2FDu862WX%2BIDZc%3D","https://p16-sign-va.tiktokcdn.com/tos-maliva-avt-0068/de67bd192ea175f4cbc97ebdf0c9369d~c5_1080x1080.jpeg?x-expires=1628280000&x-signature=DXJwqD3L2PaAQOiO1OA7E85BKZo%3D",9,"https://p16-sign-va.tiktokcdn.com/obj/tos-maliva-p-0068/4a254baebf6e4ed2b21a40439b2440d9_1583727539?x-expires=1628215200&x-signature=t9thxHTbmgHE8Fen0vHonJ1pocQ%3D","https://p16-sign-va.tiktokcdn.com/obj/tos-maliva-p-0068/23cd83c091df4bb3b7ef3088fe0ef454_1583727303?x-expires=1628215200&x-signature=DRqzEKQd8ohwzzw%2B%2B4D3vfEdaMU%3D","https://p16-sign-va.tiktokcdn.com/obj/tos-maliva-p-0068/cf61e6db58234ddc9ce455e7350098ac_1583727303?x-expires=1628215200&x-signature=LmPy6a52SX%2FztEvezYl6iRMxtMc%3D","https://www.tiktok.com/@covid.19virus/video/6802056930740161797","https://v16-web.tiktok.com/video/tos/useast2a/tos-useast2a-ve-0068c002/8deb8890b8d24ebc8053d9791132cd82/?a=1988&br=1632&bt=816&cd=0%7C0%7C1&ch=0&cr=0&cs=0&cv=1&dr=0&ds=3&er=&expire=1628218616&ft=Q9BExEBe_4ka&l=20210805205647010190218096442D0745&lr=tiktok_m&mime_type=video_mp4&net=0&pl=0&policy=2&qs=0&rc=M2d0a2pnZGl2czMzOjczM0ApZDU0MzxkOmQ3NzU7aDdoOmdjYTFobXAvMmZfLS00MTZzc18yLjMxLjQzLzRhM2MtXl86Yw%3D%3D&signature=23cb1b6889e4b21133b512a0e9945d29&tk=tt_webid_v2&vl=&vr=","","",720,810,9,81600,810,433500,222,false,"[""@rymanick""]","[{""id"":""30496"",""name"":""duet"",""title"":""Use our Duet feature because two is always better than one."",""cover"":""https://p77-va.tiktokcdn.com/obj/musically-maliva-obj/dff7a84f4a6523e32f92b9a79b1e4d34""}]","[]"
"6802055877609229573","6802055877609229573","#duet with @maxdressler",1583727056,"6792740569006326789","MS4wLjABAAAAd56jhlTao5P0lVtbYd95Nwjuyd0dB0EPdfZrRR865-k1PLlIuGDVyc9ghYuio9hP","covid.19virus","anthony cervantes",false,"it‚Äôs cervantes, not cerv 
congrats, you found me
follow my igüòé","https://p16-sign-va.tiktokcdn.com/musically-maliva-obj/1658384264178709~c5_1080x1080.jpeg?x-expires=1628280000&x-signature=UNWV1DRZKQTRWNle%2FXRH8t3Z0N0%3D",23,159200,2600000,40,111,"6795314762898049797","yike or die remix","sydneyü¶ã",true,"","https://sf16-ies-music-va.tiktokcdn.com/obj/musically-maliva-obj/1659017840993286.mp3","https://p16-sign-va.tiktokcdn.com/tos-maliva-avt-0068/5fe4e1da628f36db9ca54f8a6c396da1~c5_100x100.jpeg?x-expires=1628280000&x-signature=6m4%2FlTAEomr3Yw8%2Fwq7KF3PemLg%3D","https://p16-sign-va.tiktokcdn.com/tos-maliva-avt-0068/5fe4e1da628f36db9ca54f8a6c396da1~c5_720x720.jpeg?x-expires=1628280000&x-signature=hEqjV0%2BP3hhZe5nxH%2Fc4wVD76X4%3D","https://p16-sign-va.tiktokcdn.com/tos-maliva-avt-0068/5fe4e1da628f36db9ca54f8a6c396da1~c5_1080x1080.jpeg?x-expires=1628280000&x-signature=ZSkLdMtrPh1vc1%2ByxEKg5wShqJc%3D",15,"https://p16-sign-va.tiktokcdn.com/obj/tos-maliva-p-0068/dbfa7d3f2dc24ee3a5a33314639a69f6_1583727406?x-expires=1628215200&x-signature=W5d%2Bt3wrh%2FmwMalTn8z0Qk9Gsa4%3D","https://p16-sign-va.tiktokcdn.com/obj/tos-maliva-p-0068/c25ce88c8c9a44639cfc3f9963e4ce8c_1583727187?x-expires=1628215200&x-signature=9mnA9OauA2%2FjPYmicdd14vh6oU0%3D","https://p16-sign-va.tiktokcdn.com/obj/tos-maliva-p-0068/6c4192603b8e48769b18a931365fc817_1583727189?x-expires=1628215200&x-signature=8o0L3XuVdhC%2F6a3P2X5AkHCVJYA%3D","https://www.tiktok.com/@covid.19virus/video/6802055877609229573","https://v16-web.tiktok.com/video/tos/useast2a/tos-useast2a-ve-0068c001/f8e199e01c7740d6b57d1183ea4c2227/?a=1988&br=2218&bt=1109&cd=0%7C0%7C1&ch=0&cr=0&cs=0&cv=1&dr=0&ds=3&er=&expire=1628218622&ft=Q9BExEBe_4ka&l=20210805205647010190218096442D0745&lr=tiktok_m&mime_type=video_mp4&net=0&pl=0&policy=2&qs=0&rc=MzpsZG5nPGp2czMzZDczM0ApaGY7Z2RkaTxoNzY0OjM1NmdwMm9nNS5mMGZfLS00MTZzc14zLS81MS5fM2FeMV4uNjM6Yw%3D%3D&signature=5b59d0b69d1309a4dd58a9fb61f15f36&tk=tt_webid_v2&vl=&vr=","","",720,810,15,34600,95,128900,231,false,"[""@maxdressler""]","[{""id"":""30496"",""name"":""duet"",""title"":""Use our Duet feature because two is always better than one."",""cover"":""https://p77-va.tiktokcdn.com/obj/musically-maliva-obj/dff7a84f4a6523e32f92b9a79b1e4d34""}]","[]"
"6802055262996892933","6802055262996892933","",1583726912,"6792740569006326789","MS4wLjABAAAAd56jhlTao5P0lVtbYd95Nwjuyd0dB0EPdfZrRR865-k1PLlIuGDVyc9ghYuio9hP","covid.19virus","anthony cervantes",false,"it‚Äôs cervantes, not cerv 
congrats, you found me
follow my igüòé","https://p16-sign-va.tiktokcdn.com/musically-maliva-obj/1658384264178709~c5_1080x1080.jpeg?x-expires=1628280000&x-signature=UNWV1DRZKQTRWNle%2FXRH8t3Z0N0%3D",23,159200,2600000,40,111,"6799285030410619653","","",true,"","","","","",15,"https://p16-sign-va.tiktokcdn.com/obj/tos-maliva-p-0068/ecab9e4546f149e2af9047a22ca02ea7_1583727147?x-expires=1628215200&x-signature=B2Fp%2BlMLy6ATQxfIJ5x0DYKlcfk%3D","https://p16-sign-va.tiktokcdn.com/obj/tos-maliva-p-0068/bcce23d065154604860899759a605512_1583726915?x-expires=1628215200&x-signature=movJbGjO%2FmNmblBX7SUTCf5DVvw%3D","https://p16-sign-va.tiktokcdn.com/obj/tos-maliva-p-0068/89f81cccb25c48769bd187596b84e715_1583726915?x-expires=1628215200&x-signature=cUwQ3RAAF1JIObPm%2FLjntYDIpGE%3D","https://www.tiktok.com/@covid.19virus/video/6802055262996892933","https://v16-web.tiktok.com/video/tos/useast2a/tos-useast2a-ve-0068c003/eb98911e55254aaba7dfa8d690a70d57/?a=1988&br=3506&bt=1753&cd=0%7C0%7C1&ch=0&cr=0&cs=0&cv=1&dr=0&ds=3&er=&expire=1628218620&ft=Q9BExEBe_4ka&l=20210805205647010190218096442D0745&lr=tiktok_m&mime_type=video_mp4&net=0&pl=0&policy=2&qs=0&rc=M3VxNHBuZTh2czMzZzczM0ApZDpnZWY2aWRlN2Q8NTY7NmdeNjRxLy0xL2ZfLS0uMTZzczY1MjQ1MmExMjU0MF9gXzE6Yw%3D%3D&signature=c57bddbf34cc8eeea9e38ff2b8cfbb58&tk=tt_webid_v2&vl=&vr=","","",1280,720,13,24400,165,101900,145,false,"[]","[]","[]"
"6800845420734975237","6800845420734975237","",1583445222,"6792740569006326789","MS4wLjABAAAAd56jhlTao5P0lVtbYd95Nwjuyd0dB0EPdfZrRR865-k1PLlIuGDVyc9ghYuio9hP","covid.19virus","anthony cervantes",false,"it‚Äôs cervantes, not cerv 
congrats, you found me
follow my igüòé","https://p16-sign-va.tiktokcdn.com/musically-maliva-obj/1658384264178709~c5_1080x1080.jpeg?x-expires=1628280000&x-signature=UNWV1DRZKQTRWNle%2FXRH8t3Z0N0%3D",23,159200,2600000,40,111,"6792220201921334021","2liveSoundsmix","2Live Nation",true,"","https://sf16-ies-music-va.tiktokcdn.com/obj/musically-maliva-obj/1658263704715286.mp3","https://p16-sign-va.tiktokcdn.com/musically-maliva-obj/1649319059757062~c5_100x100.jpeg?x-expires=1628280000&x-signature=zh5B4KKTjlap1YD9ZQPq3jjgbXQ%3D","https://p16-sign-va.tiktokcdn.com/musically-maliva-obj/1649319059757062~c5_720x720.jpeg?x-expires=1628280000&x-signature=9EdKX00DM3GDWvmr%2BXoCCWBvpKs%3D","https://p16-sign-va.tiktokcdn.com/musically-maliva-obj/1649319059757062~c5_1080x1080.jpeg?x-expires=1628280000&x-signature=3rwU3Nqn1gn8sc5kLyTnYLmef6s%3D",16,"https://p16-sign-va.tiktokcdn.com/obj/tos-maliva-p-0068/e84a20e2751643cbb749798e51e9c985_1583456967?x-expires=1628215200&x-signature=iqVtRiEDs54voYhNnvK%2Fxt3TmOo%3D","https://p16-sign-va.tiktokcdn.com/obj/tos-maliva-p-0068/6e37922388504dbea728eb23dacf7a0f_1583445225?x-expires=1628215200&x-signature=UdVqr4o41doGGOTUyhGDAjQXzaQ%3D","https://p16-sign-va.tiktokcdn.com/obj/tos-maliva-p-0068/58b5d874a90947f58acba1370c600e59_1583445226?x-expires=1628215200&x-signature=kVRh5RejBsiD8HYhPII%2F%2FVJ4Kw4%3D","https://www.tiktok.com/@covid.19virus/video/6800845420734975237","https://v16-web.tiktok.com/video/tos/useast2a/tos-useast2a-ve-0068c003/b1c73b0d749d4b508bbdbf9f0610c82c/?a=1988&br=5058&bt=2529&cd=0%7C0%7C1&ch=0&cr=0&cs=0&cv=1&dr=0&ds=3&er=&expire=1628218622&ft=Q9BExEBe_4ka&l=20210805205647010190218096442D0745&lr=tiktok_m&mime_type=video_mp4&net=0&pl=0&policy=2&qs=0&rc=M3c7NnBnN3FxczMzZzczM0ApZGY8OjU7Nzs0NzQ5Zjs4OmdrbGBxcWRjNmRfLS1eMTZzc2NiLy00MDAtMzNfLmExYy86Yw%3D%3D&signature=5b5b422491af520557ded97d7ad47d97&tk=tt_webid_v2&vl=&vr=","","",1280,720,15,9132,23,53800,77,false,"[]","[]","[]"
"6800569684639894790","6800569684639894790","lil guy in the right corner was so over it",1583381024,"6792740569006326789","MS4wLjABAAAAd56jhlTao5P0lVtbYd95Nwjuyd0dB0EPdfZrRR865-k1PLlIuGDVyc9ghYuio9hP","covid.19virus","anthony cervantes",false,"it‚Äôs cervantes, not cerv 
congrats, you found me
follow my igüòé","https://p16-sign-va.tiktokcdn.com/musically-maliva-obj/1658384264178709~c5_1080x1080.jpeg?x-expires=1628280000&x-signature=UNWV1DRZKQTRWNle%2FXRH8t3Z0N0%3D",23,159200,2600000,40,111,"6792220201921334021","2liveSoundsmix","2Live Nation",true,"","https://sf16-ies-music-va.tiktokcdn.com/obj/musically-maliva-obj/1658263704715286.mp3","https://p16-sign-va.tiktokcdn.com/musically-maliva-obj/1649319059757062~c5_100x100.jpeg?x-expires=1628280000&x-signature=zh5B4KKTjlap1YD9ZQPq3jjgbXQ%3D","https://p16-sign-va.tiktokcdn.com/musically-maliva-obj/1649319059757062~c5_720x720.jpeg?x-expires=1628280000&x-signature=9EdKX00DM3GDWvmr%2BXoCCWBvpKs%3D","https://p16-sign-va.tiktokcdn.com/musically-maliva-obj/1649319059757062~c5_1080x1080.jpeg?x-expires=1628280000&x-signature=3rwU3Nqn1gn8sc5kLyTnYLmef6s%3D",16,"https://p16-sign-va.tiktokcdn.com/obj/tos-maliva-p-0068/c5bbb33939bf4109898033c27c8e1dc5_1583381282?x-expires=1628215200&x-signature=UWE46bfbgvGJLYT4IK2euAs3Jzc%3D","https://p16-sign-va.tiktokcdn.com/obj/tos-maliva-p-0068/954143c0958b4b168072f41838ea744a_1583381026?x-expires=1628215200&x-signature=ySxTyFVT6VV9DN%2B2XpYX1HXIRME%3D","https://p16-sign-va.tiktokcdn.com/obj/tos-maliva-p-0068/8fe6acfb47d6431db38631667db4a60e_1583381027?x-expires=1628215200&x-signature=eyYqJPlnmblsKzsfwvkaOLHglGo%3D","https://www.tiktok.com/@covid.19virus/video/6800569684639894790","https://v16-web.tiktok.com/video/tos/useast2a/tos-useast2a-ve-0068c004/dfba381a60bf474d9a22234f6ff33050/?a=1988&br=2292&bt=1146&cd=0%7C0%7C1&ch=0&cr=0&cs=0&cv=1&dr=0&ds=3&er=&expire=1628218622&ft=Q9BExEBe_4ka&l=20210805205647010190218096442D0745&lr=tiktok_m&mime_type=video_mp4&net=0&pl=0&policy=2&qs=0&rc=M2o0ZGs1Ojg6czMzPDczM0ApOWU7Zjs6NjtlNzk1Z2QzOGdvc3NnLjFjaGRfLS0uMTZzczIuYzQxYi9iYF4xXzIxYjA6Yw%3D%3D&signature=1e60f01a35a63bd595346b86f0bd16f9&tk=tt_webid_v2&vl=&vr=","","",960,540,15,23900,46,81400,83,false,"[]","[]","[]"
"6800213023962189062","6800213023962189062","",1583297982,"6792740569006326789","MS4wLjABAAAAd56jhlTao5P0lVtbYd95Nwjuyd0dB0EPdfZrRR865-k1PLlIuGDVyc9ghYuio9hP","covid.19virus","anthony cervantes",false,"it‚Äôs cervantes, not cerv 
congrats, you found me
follow my igüòé","https://p16-sign-va.tiktokcdn.com/musically-maliva-obj/1658384264178709~c5_1080x1080.jpeg?x-expires=1628280000&x-signature=UNWV1DRZKQTRWNle%2FXRH8t3Z0N0%3D",23,159200,2600000,40,111,"6800169489074817797","original sound","anthony cervantes",true,"","https://sf16-ies-music-va.tiktokcdn.com/obj/musically-maliva-obj/1660202739987493.mp3","https://p16-sign-va.tiktokcdn.com/musically-maliva-obj/1658384264178709~c5_100x100.jpeg?x-expires=1628280000&x-signature=it37ktAOPkmzxPEzW4ddmJ3TUy0%3D","https://p16-sign-va.tiktokcdn.com/musically-maliva-obj/1658384264178709~c5_720x720.jpeg?x-expires=1628280000&x-signature=1kx5Sqnnkr1PTVCURgiQqAtjwQY%3D","https://p16-sign-va.tiktokcdn.com/musically-maliva-obj/1658384264178709~c5_1080x1080.jpeg?x-expires=1628280000&x-signature=UNWV1DRZKQTRWNle%2FXRH8t3Z0N0%3D",39,"https://p16-sign-va.tiktokcdn.com/obj/tos-maliva-p-0068/5561a6df11314bd08518c3cb399a3721_1583298640?x-expires=1628215200&x-signature=IrhAhRbwmYvGI1aOCYehBkQwcs0%3D","https://p16-sign-va.tiktokcdn.com/obj/tos-maliva-p-0068/11288db3dbf44238ad0cbf340548506b_1583297985?x-expires=1628215200&x-signature=hgwZv9zFTeIEeFRxPv%2B7O8e31ak%3D","https://p16-sign-va.tiktokcdn.com/obj/tos-maliva-p-0068/f6107912a7c14f7198a1f7144177148c_1583297986?x-expires=1628215200&x-signature=XlxWHBOzZ5%2B3dBihPloFVDtgOp0%3D","https://www.tiktok.com/@covid.19virus/video/6800213023962189062","https://v16-web.tiktok.com/video/tos/useast2a/tos-useast2a-pve-0068/7eb34627caab499b977f0f6a147ea1ef/?a=1988&br=3708&bt=1854&cd=0%7C0%7C1&ch=0&cr=0&cs=0&cv=1&dr=0&ds=3&er=&expire=1628218646&ft=Q9BExEBe_4ka&l=20210805205647010190218096442D0745&lr=tiktok_m&mime_type=video_mp4&net=0&pl=0&policy=2&qs=0&rc=anA8ang1bThtczMzZjczM0ApNjM2OGdnZmU1NztpOmc3ZWdzcnExcGBgX2NfLS0zMTZzczFgYzZgLjEwXjM1Xl82XzM6Yw%3D%3D&signature=90015d1e168cbb55fd763cf66acdb842&tk=tt_webid_v2&vl=&vr=","","",1280,720,39,15800,224,59200,194,false,"[]","[]","[]"
"6800209588109987078","6800209588109987078","#duet with @ellaiswavy",1583297183,"6792740569006326789","MS4wLjABAAAAd56jhlTao5P0lVtbYd95Nwjuyd0dB0EPdfZrRR865-k1PLlIuGDVyc9ghYuio9hP","covid.19virus","anthony cervantes",false,"it‚Äôs cervantes, not cerv 
congrats, you found me
follow my igüòé","https://p16-sign-va.tiktokcdn.com/musically-maliva-obj/1658384264178709~c5_1080x1080.jpeg?x-expires=1628280000&x-signature=UNWV1DRZKQTRWNle%2FXRH8t3Z0N0%3D",23,159200,2600000,40,111,"6745926612509854469","Follow for good content","henry",true,"","https://sf16-ies-music-va.tiktokcdn.com/obj/musically-maliva-obj/1646955730440229.mp3","https://p16-sign-va.tiktokcdn.com/tos-maliva-avt-0068/9f65b3d284f7922d0d56cc7853a08a6c~c5_100x100.jpeg?x-expires=1628280000&x-signature=pNkPTp8%2FcuIp4MA9c0jw9fVxTFk%3D","https://p16-sign-va.tiktokcdn.com/tos-maliva-avt-0068/9f65b3d284f7922d0d56cc7853a08a6c~c5_720x720.jpeg?x-expires=1628280000&x-signature=zo3J13%2B4jQ%2F8nBgdfxqWae4Y8T0%3D","https://p16-sign-va.tiktokcdn.com/tos-maliva-avt-0068/9f65b3d284f7922d0d56cc7853a08a6c~c5_1080x1080.jpeg?x-expires=1628280000&x-signature=Bqdbykg%2Fx1SKREW3ZaRWmdA0MJM%3D",33,"https://p16-sign-va.tiktokcdn.com/obj/tos-maliva-p-0068/473164e9b6244631b07f78c54537b187_1583297389?x-expires=1628215200&x-signature=7CxXbAnWJWVM5lBuWkX9nNv4urw%3D","https://p16-sign-va.tiktokcdn.com/obj/tos-maliva-p-0068/7d051be9063147178b2bdd1edade2a60_1583297185?x-expires=1628215200&x-signature=DJlXDgkh40%2BSFEJagureG5Qxeeo%3D","https://p16-sign-va.tiktokcdn.com/obj/tos-maliva-p-0068/6483842299494627bc320eebd4ed55fa_1583297185?x-expires=1628215200&x-signature=Tbaux67xOXW3rWymSsWezw83%2B4o%3D","https://www.tiktok.com/@covid.19virus/video/6800209588109987078","https://v16-web.tiktok.com/video/tos/useast2a/tos-useast2a-ve-0068c002/b758d0c13de44005a9b299ca3c139f96/?a=1988&br=1662&bt=831&cd=0%7C0%7C1&ch=0&cr=0&cs=0&cv=1&dr=0&ds=3&er=&expire=1628218616&ft=Q9BExEBe_4ka&l=20210805205647010190218096442D0745&lr=tiktok_m&mime_type=video_mp4&net=0&pl=0&policy=2&qs=0&rc=ajs6PGZvcTZtczMzZzczM0ApNTg7Ojs6NGU6N2RnM2k2aGduNHJlZ3NeMmNfLS1eMTZzc18xLjE0M2A2YS1hMGBeMTE6Yw%3D%3D&signature=e963f732d22d3fa3883ef888b90570d7&tk=tt_webid_v2&vl=&vr=","","",720,810,9,406500,3592,1300000,1684,false,"[""@ellaiswavy""]","[{""id"":""30496"",""name"":""duet"",""title"":""Use our Duet feature because two is always better than one."",""cover"":""https://p77-va.tiktokcdn.com/obj/musically-maliva-obj/dff7a84f4a6523e32f92b9a79b1e4d34""}]","[]"
"6799489072252390661","6799489072252390661","#duet with @jasonderulo word.",1583129425,"6792740569006326789","MS4wLjABAAAAd56jhlTao5P0lVtbYd95Nwjuyd0dB0EPdfZrRR865-k1PLlIuGDVyc9ghYuio9hP","covid.19virus","anthony cervantes",false,"it‚Äôs cervantes, not cerv 
congrats, you found me
follow my igüòé","https://p16-sign-va.tiktokcdn.com/musically-maliva-obj/1658384264178709~c5_1080x1080.jpeg?x-expires=1628280000&x-signature=UNWV1DRZKQTRWNle%2FXRH8t3Z0N0%3D",23,159200,2600000,40,111,"6783163584680692485","","",true,"","","","","",15,"https://p16-sign-va.tiktokcdn.com/obj/tos-maliva-p-0068/c1cc166ab07c491bb9ae1fa2b9d40b1b_1583129779?x-expires=1628215200&x-signature=brI0q5pxvy2N08zQUnkF1BuIQ6s%3D","https://p16-sign-va.tiktokcdn.com/obj/tos-maliva-p-0068/0ab07c984d2044afadfe6809f4be75fa_1583129429?x-expires=1628215200&x-signature=W9zPM2c8tslJIoUh4rJ3SZ7iE40%3D","https://p16-sign-va.tiktokcdn.com/obj/tos-maliva-p-0068/d233f3731446452a87014a60bb16acd5_1583129429?x-expires=1628215200&x-signature=bAuz8vAvlCAlRJWtYzt%2B8jGrJ74%3D","https://www.tiktok.com/@covid.19virus/video/6799489072252390661","https://v16-web.tiktok.com/video/tos/useast2a/tos-useast2a-ve-0068c002/f489271bb8eb453081ede516a896ab27/?a=1988&br=1596&bt=798&cd=0%7C0%7C1&ch=0&cr=0&cs=0&cv=1&dr=0&ds=3&er=&expire=1628218616&ft=Q9BExEBe_4ka&l=20210805205647010190218096442D0745&lr=tiktok_m&mime_type=video_mp4&net=0&pl=0&policy=2&qs=0&rc=anBpODtkZWhkczMzaTczM0ApZzhnZ2RkODwzN2RkZjw2Z2deam5wbWZsM2JfLS0zMTZzcy00LWFeNjNfYTEvNDFhYGA6Yw%3D%3D&signature=dbc96caedce02586145b33807827eb23&tk=tt_webid_v2&vl=&vr=","","",720,810,9,14500,20,65400,97,false,"[""@jasonderulo""]","[{""id"":""30496"",""name"":""duet"",""title"":""Use our Duet feature because two is always better than one."",""cover"":""https://p77-va.tiktokcdn.com/obj/musically-maliva-obj/dff7a84f4a6523e32f92b9a79b1e4d34""}]","[]"
"6799430027831282949","6799430027831282949","#duet with @_maxdressler look at the hand y‚Äôall. we‚Äôre safe üòå",1583115675,"6792740569006326789","MS4wLjABAAAAd56jhlTao5P0lVtbYd95Nwjuyd0dB0EPdfZrRR865-k1PLlIuGDVyc9ghYuio9hP","covid.19virus","anthony cervantes",false,"it‚Äôs cervantes, not cerv 
congrats, you found me
follow my igüòé","https://p16-sign-va.tiktokcdn.com/musically-maliva-obj/1658384264178709~c5_1080x1080.jpeg?x-expires=1628280000&x-signature=UNWV1DRZKQTRWNle%2FXRH8t3Z0N0%3D",23,159200,2600000,40,111,"6617932895975639814","I bet you can‚Äôt guess which phone is filming? ","bellaüéíü•µ",true,"_dxddy_bxlla_","https://sf16-ies-music-va.tiktokcdn.com/obj/musically-maliva-obj/1615706367094806","https://p16-sign-va.tiktokcdn.com/musically-maliva-obj/1630343891981318~c5_100x100.jpeg?x-expires=1628280000&x-signature=Di2IXiXuxInTjJWACoUz8%2F4lwBI%3D","https://p16-sign-va.tiktokcdn.com/musically-maliva-obj/1630343891981318~c5_720x720.jpeg?x-expires=1628280000&x-signature=m3gHGGny1D%2Bg6Ldx6o50nSSJXBQ%3D","https://p16-sign-va.tiktokcdn.com/musically-maliva-obj/1630343891981318~c5_1080x1080.jpeg?x-expires=1628280000&x-signature=6ZdJGMVpQW%2BQ28%2BZfttetq%2FDlqE%3D",10,"https://p16-sign-va.tiktokcdn.com/obj/tos-maliva-p-0068/622caf0c2dec48448ffbf28b47e63707_1583115677?x-expires=1628215200&x-signature=awQrVfbP5A36o52h5LXwnhlqowM%3D","https://p16-sign-va.tiktokcdn.com/obj/tos-maliva-p-0068/c55b828c7ef74019a027e1a821fffbc0_1583115677?x-expires=1628215200&x-signature=E27vuZUWJ7qNH%2Boh%2BSLDxPortOE%3D","https://p16-sign-va.tiktokcdn.com/obj/tos-maliva-p-0068/fd1f56d5f2404e7fa92b79cc859e40e5_1583115678?x-expires=1628215200&x-signature=lHUBKCiSzz%2FIj9clykIXH0lIMI8%3D","https://www.tiktok.com/@covid.19virus/video/6799430027831282949","https://v16-web.tiktok.com/video/tos/useast2a/tos-useast2a-ve-0068c001/398d1f8623ba42fa9ac9f0a837174e99/?a=1988&br=3138&bt=1569&cd=0%7C0%7C1&ch=0&cr=0&cs=0&cv=1&dr=0&ds=3&er=&expire=1628218617&ft=Q9BExEBe_4ka&l=20210805205647010190218096442D0745&lr=tiktok_m&mime_type=video_mp4&net=0&pl=0&policy=2&qs=0&rc=anJla2p3Ojc5czMzNjczM0ApZzs0Omc8aTs1NzQ2N2c3aGdiZWozL2owb2JfLS0zMTZzczZfNmAzNF4vYDNgYjFiNGI6Yw%3D%3D&signature=3f04f9508d59a56fa5376559a472a078&tk=tt_webid_v2&vl=&vr=","","",720,810,10,21400,39,79300,100,false,"[""@_maxdressler""]","[{""id"":""30496"",""name"":""duet"",""title"":""Use our Duet feature because two is always better than one."",""cover"":""https://p77-va.tiktokcdn.com/obj/musically-maliva-obj/dff7a84f4a6523e32f92b9a79b1e4d34""}]","[]"
"6799072674330004742","6799072674330004742","#duet with @_maxdressler care to explain why the gap between you is there?",1583032470,"6792740569006326789","MS4wLjABAAAAd56jhlTao5P0lVtbYd95Nwjuyd0dB0EPdfZrRR865-k1PLlIuGDVyc9ghYuio9hP","covid.19virus","anthony cervantes",false,"it‚Äôs cervantes, not cerv 
congrats, you found me
follow my igüòé","https://p16-sign-va.tiktokcdn.com/musically-maliva-obj/1658384264178709~c5_1080x1080.jpeg?x-expires=1628280000&x-signature=UNWV1DRZKQTRWNle%2FXRH8t3Z0N0%3D",23,159200,2600000,40,111,"6617932895975639814","I bet you can‚Äôt guess which phone is filming? ","bellaüéíü•µ",true,"_dxddy_bxlla_","https://sf16-ies-music-va.tiktokcdn.com/obj/musically-maliva-obj/1615706367094806","https://p16-sign-va.tiktokcdn.com/musically-maliva-obj/1630343891981318~c5_100x100.jpeg?x-expires=1628280000&x-signature=Di2IXiXuxInTjJWACoUz8%2F4lwBI%3D","https://p16-sign-va.tiktokcdn.com/musically-maliva-obj/1630343891981318~c5_720x720.jpeg?x-expires=1628280000&x-signature=m3gHGGny1D%2Bg6Ldx6o50nSSJXBQ%3D","https://p16-sign-va.tiktokcdn.com/musically-maliva-obj/1630343891981318~c5_1080x1080.jpeg?x-expires=1628280000&x-signature=6ZdJGMVpQW%2BQ28%2BZfttetq%2FDlqE%3D",10,"https://p16-sign-va.tiktokcdn.com/obj/tos-maliva-p-0068/10c56babfb134d6d948cdbc7d123eb37_1583032474?x-expires=1628215200&x-signature=gfL0%2BNw%2FxbemQJczml3JxzH5ggk%3D","https://p16-sign-va.tiktokcdn.com/obj/tos-maliva-p-0068/2a2c2bcee31f4844b4c60fa829ab01bf_1583032474?x-expires=1628215200&x-signature=lBwrogAPJV%2F5mijFyDSBbxbZZ6Y%3D","https://p16-sign-va.tiktokcdn.com/obj/tos-maliva-p-0068/72cd53fcf5ff4b20b6f69f1aece70c80_1583032473?x-expires=1628215200&x-signature=BOU6hulGvXp%2FrCr2iHFBOEyiOuw%3D","https://www.tiktok.com/@covid.19virus/video/6799072674330004742","https://v16-web.tiktok.com/video/tos/useast2a/tos-useast2a-ve-0068c001/0158381810064f0b8cdab3c100f4aeac/?a=1988&br=1752&bt=876&cd=0%7C0%7C1&ch=0&cr=0&cs=0&cv=1&dr=0&ds=3&er=&expire=1628218617&ft=Q9BExEBe_4ka&l=20210805205647010190218096442D0745&lr=tiktok_m&mime_type=video_mp4&net=0&pl=0&policy=2&qs=0&rc=MzZmeWtvbjVsczMzaTczM0ApZTtnZzpnNGU0N2VoZDpoZ2deLmE0cnM0ZWFfLS0tMTZzcy4yYDE1LTNfYy8tMDEwLWI6Yw%3D%3D&signature=160720c9805f3775bc14d4dc73dc7540&tk=tt_webid_v2&vl=&vr=","","",720,810,10,97300,175,359800,249,false,"[""@_maxdressler""]","[{""id"":""30496"",""name"":""duet"",""title"":""Use our Duet feature because two is always better than one."",""cover"":""https://p77-va.tiktokcdn.com/obj/musically-maliva-obj/dff7a84f4a6523e32f92b9a79b1e4d34""}]","[]"
"6797941836414455045","6797941836414455045","",1582769177,"6792740569006326789","MS4wLjABAAAAd56jhlTao5P0lVtbYd95Nwjuyd0dB0EPdfZrRR865-k1PLlIuGDVyc9ghYuio9hP","covid.19virus","anthony cervantes",false,"it‚Äôs cervantes, not cerv 
congrats, you found me
follow my igüòé","https://p16-sign-va.tiktokcdn.com/musically-maliva-obj/1658384264178709~c5_1080x1080.jpeg?x-expires=1628280000&x-signature=UNWV1DRZKQTRWNle%2FXRH8t3Z0N0%3D",23,159200,2600000,40,111,"6719592770224311046","","Gianna LaVecchia",true,"","","https://p16-sign-va.tiktokcdn.com/tos-maliva-avt-0068/1425778c80ee5072efe1027ee1e608c6~c5_100x100.jpeg?x-expires=1628280000&x-signature=QEVDkjytafNSkCQ%2FH7%2BSHP1HdxY%3D","https://p16-sign-va.tiktokcdn.com/tos-maliva-avt-0068/1425778c80ee5072efe1027ee1e608c6~c5_720x720.jpeg?x-expires=1628280000&x-signature=KhtOcLhJBonsjv1v0VWtvp1hhZc%3D","https://p16-sign-va.tiktokcdn.com/tos-maliva-avt-0068/1425778c80ee5072efe1027ee1e608c6~c5_1080x1080.jpeg?x-expires=1628280000&x-signature=rQrKvB%2F9WPdMjV5vdknw597K2Pk%3D",15,"https://p16-sign-va.tiktokcdn.com/obj/tos-maliva-p-0068/068718faac744bb89c2eb4437c20a6cb_1582769182?x-expires=1628215200&x-signature=qno3Akj0PJXpy11McRrCAkXXAYw%3D","https://p16-sign-va.tiktokcdn.com/obj/tos-maliva-p-0068/81837286d7f84af381d95369b55c2808_1582769182?x-expires=1628215200&x-signature=Y3e0tig4yB2lOqmb%2B7hAwK4A8YM%3D","https://p16-sign-va.tiktokcdn.com/obj/tos-maliva-p-0068/e9884b14e6c34e38b6dce84656221b1d_1582769182?x-expires=1628215200&x-signature=n2DGBrcTJ6IA%2FX2KOH55gXDLFEI%3D","https://www.tiktok.com/@covid.19virus/video/6797941836414455045","https://v16-web.tiktok.com/video/tos/useast2a/tos-useast2a-ve-0068c001/613a08207cfe4c249bc31c5bc00aff44/?a=1988&br=3450&bt=1725&cd=0%7C0%7C1&ch=0&cr=0&cs=0&cv=1&dr=0&ds=3&er=&expire=1628218616&ft=Q9BExEBe_4ka&l=20210805205647010190218096442D0745&lr=tiktok_m&mime_type=video_mp4&net=0&pl=0&policy=2&qs=0&rc=M3RsanV3NWlsczMzNjczM0ApODw5Zmc7ZmRnNzhoNzM0PGdkZnAya2VkNF9fLS02MTZzczBfNWM2YDM0YjA0MV4yLjI6Yw%3D%3D&signature=b3c3c176f70c20d95086125111dfa34c&tk=tt_webid_v2&vl=&vr=","","",1280,720,9,17200,75,74400,157,false,"[]","[]","[]"
"6796022804832734469","6796022804832734469","",1582322365,"6792740569006326789","MS4wLjABAAAAd56jhlTao5P0lVtbYd95Nwjuyd0dB0EPdfZrRR865-k1PLlIuGDVyc9ghYuio9hP","covid.19virus","anthony cervantes",false,"it‚Äôs cervantes, not cerv 
congrats, you found me
follow my igüòé","https://p16-sign-va.tiktokcdn.com/musically-maliva-obj/1658384264178709~c5_1080x1080.jpeg?x-expires=1628280000&x-signature=UNWV1DRZKQTRWNle%2FXRH8t3Z0N0%3D",23,159200,2600000,40,111,"6532954985238369295","ready or not","Caitlinüíì",true,"","https://sf16-ies-music-va.tiktokcdn.com/obj/musically-maliva-obj/6882090886776376069.mp3","https://p16-sign-va.tiktokcdn.com/musically-maliva-obj/1617803148938405~c5_100x100.jpeg?x-expires=1628280000&x-signature=YxTrvvfajcgUXsZpM0%2FPDQDGC68%3D","https://p16-sign-va.tiktokcdn.com/musically-maliva-obj/1617803148938405~c5_720x720.jpeg?x-expires=1628280000&x-signature=XbesOXJVRzaluDfWimKWCqYJB24%3D","https://p16-sign-va.tiktokcdn.com/musically-maliva-obj/1617803148938405~c5_1080x1080.jpeg?x-expires=1628280000&x-signature=AP6GEQcV7aPb%2FZ6oYY1DF6i05qU%3D",10,"https://p16-sign-va.tiktokcdn.com/obj/tos-maliva-p-0068/cd5898d2afee436f82ad91e7dd686940_1582323517?x-expires=1628215200&x-signature=VpI5LdFxrIwVgvqVFMjhkav%2BwPI%3D","https://p16-sign-va.tiktokcdn.com/obj/tos-maliva-p-0068/eb8c30a440a14c0dabf313a61c966a88_1582322370?x-expires=1628215200&x-signature=Sf4r7Qvays%2B1B0ZJalMJbnjQ%2BXY%3D","https://p16-sign-va.tiktokcdn.com/obj/tos-maliva-p-0068/7452254766584dffb7e244f4803862ec_1582322371?x-expires=1628215200&x-signature=RwNPWMQMwapm0nQ6Lg8L7CdQ2L8%3D","https://www.tiktok.com/@covid.19virus/video/6796022804832734469","https://v16-web.tiktok.com/video/tos/useast2a/tos-useast2a-ve-0068c001/020b6542cde04b78a5078343443aac39/?a=1988&br=3516&bt=1758&cd=0%7C0%7C1&ch=0&cr=0&cs=0&cv=1&dr=0&ds=3&er=&expire=1628218617&ft=Q9BExEBe_4ka&l=20210805205647010190218096442D0745&lr=tiktok_m&mime_type=video_mp4&net=0&pl=0&policy=2&qs=0&rc=amRkazttZ3Y4czMzOjczM0ApaDZnPDM4NGU3NzYzNTk2ZmdwMGJycWpsMTVfLS0tMTZzcy42Y2NeXmJhXzIyMGE0YmE6Yw%3D%3D&signature=1f6ddc31354e0db3c5ed2180a35fa6d9&tk=tt_webid_v2&vl=&vr=","","",1280,720,10,32100,116,102500,158,false,"[]","[]","[]"
"6796019653517839622","6796019653517839622","",1582321632,"6792740569006326789","MS4wLjABAAAAd56jhlTao5P0lVtbYd95Nwjuyd0dB0EPdfZrRR865-k1PLlIuGDVyc9ghYuio9hP","covid.19virus","anthony cervantes",false,"it‚Äôs cervantes, not cerv 
congrats, you found me
follow my igüòé","https://p16-sign-va.tiktokcdn.com/musically-maliva-obj/1658384264178709~c5_1080x1080.jpeg?x-expires=1628280000&x-signature=UNWV1DRZKQTRWNle%2FXRH8t3Z0N0%3D",23,159200,2600000,40,111,"6795505198061112070","Sunday Best x Dont Start Now","goalsounds ",true,"","https://sf16-ies-music-va.tiktokcdn.com/obj/musically-maliva-obj/1659056441732118.mp3","https://p77-sign-va.tiktokcdn.com/tos-maliva-avt-0068/1e8cf074f1a20ffd69f36533bbd51fa9~c5_100x100.jpeg?x-expires=1628280000&x-signature=P8LWhXwI3EeCcWGEvZJcpSWfS3Q%3D","https://p77-sign-va.tiktokcdn.com/tos-maliva-avt-0068/1e8cf074f1a20ffd69f36533bbd51fa9~c5_720x720.jpeg?x-expires=1628280000&x-signature=eJEkuMTZN9ckogtnbOziXwWUh88%3D","https://p77-sign-va.tiktokcdn.com/tos-maliva-avt-0068/1e8cf074f1a20ffd69f36533bbd51fa9~c5_1080x1080.jpeg?x-expires=1628280000&x-signature=pYYxtb8mDfI9QMWNgQfms5s8Xdo%3D",15,"https://p16-sign-va.tiktokcdn.com/obj/tos-maliva-p-0068/f88b1e59c6734e75a908a1a2b4d475a2_1582321639?x-expires=1628215200&x-signature=naLtYUpRIJR46NyuC%2BuMV1sbql4%3D","https://p16-sign-va.tiktokcdn.com/obj/tos-maliva-p-0068/70b92cd53fab4c95aec686cc39327b07_1582321636?x-expires=1628215200&x-signature=x4VNbUqi334hAwH2d4rdSlhg2k0%3D","https://p16-sign-va.tiktokcdn.com/obj/tos-maliva-p-0068/17ac5542aa84469082c48f071b353272_1582321639?x-expires=1628215200&x-signature=cUnih%2BHZfr00gPoJko8Jjq13MgE%3D","https://www.tiktok.com/@covid.19virus/video/6796019653517839622","https://v16-web.tiktok.com/video/tos/useast2a/tos-useast2a-ve-0068c002/e7f0276e194f4b3980354d0d647cdbda/?a=1988&br=3682&bt=1841&cd=0%7C0%7C1&ch=0&cr=0&cs=0&cv=1&dr=0&ds=3&er=&expire=1628218622&ft=Q9BExEBe_4ka&l=20210805205647010190218096442D0745&lr=tiktok_m&mime_type=video_mp4&net=0&pl=0&policy=2&qs=0&rc=ajduNzwzaXI3czMzNTczM0ApaDhnOTlpM2VpNzk8Mzo3Z2dqYnBrYTZrcjVfLS1fMTZzczZeMl4zYGNeNi5iM2AzMC86Yw%3D%3D&signature=adcf6b9223f9fb0eaebff22334fabdd5&tk=tt_webid_v2&vl=&vr=","","",1280,720,15,16200,60,65800,132,false,"[]","[]","[]"
"6794939961163386117","6794939961163386117","me n my teacher were matching today",1582070247,"6792740569006326789","MS4wLjABAAAAd56jhlTao5P0lVtbYd95Nwjuyd0dB0EPdfZrRR865-k1PLlIuGDVyc9ghYuio9hP","covid.19virus","anthony cervantes",false,"it‚Äôs cervantes, not cerv 
congrats, you found me
follow my igüòé","https://p16-sign-va.tiktokcdn.com/musically-maliva-obj/1658384264178709~c5_1080x1080.jpeg?x-expires=1628280000&x-signature=UNWV1DRZKQTRWNle%2FXRH8t3Z0N0%3D",23,159200,2600000,40,111,"6532954985238369295","ready or not","Caitlinüíì",true,"","https://sf16-ies-music-va.tiktokcdn.com/obj/musically-maliva-obj/6882090886776376069.mp3","https://p16-sign-va.tiktokcdn.com/musically-maliva-obj/1617803148938405~c5_100x100.jpeg?x-expires=1628280000&x-signature=YxTrvvfajcgUXsZpM0%2FPDQDGC68%3D","https://p16-sign-va.tiktokcdn.com/musically-maliva-obj/1617803148938405~c5_720x720.jpeg?x-expires=1628280000&x-signature=XbesOXJVRzaluDfWimKWCqYJB24%3D","https://p16-sign-va.tiktokcdn.com/musically-maliva-obj/1617803148938405~c5_1080x1080.jpeg?x-expires=1628280000&x-signature=AP6GEQcV7aPb%2FZ6oYY1DF6i05qU%3D",10,"https://p16-sign-va.tiktokcdn.com/obj/tos-maliva-p-0068/366207949f9d45a5bb6ee1ae02ee721e_1582070251?x-expires=1628215200&x-signature=lJsEeptSmnPQLe1OFGN%2B8oQ6PWg%3D","https://p16-sign-va.tiktokcdn.com/obj/tos-maliva-p-0068/4eb778f7f03249238de8d8b92f5d85dc_1582070251?x-expires=1628215200&x-signature=UScMC4j3p3Uq%2Fdcv0wY0c67TILw%3D","https://p16-sign-va.tiktokcdn.com/obj/tos-maliva-p-0068/f2d76377811e4ff1a0dc7fddd9b82484_1582070251?x-expires=1628215200&x-signature=%2FRHFNM93uHY8HD61ahNtvDGI%2Bg4%3D","https://www.tiktok.com/@covid.19virus/video/6794939961163386117","https://v16-web.tiktok.com/video/tos/useast2a/tos-useast2a-ve-0068c002/b88496e12dd348f28dc3a2522f0836f3/?a=1988&br=2814&bt=1407&cd=0%7C0%7C1&ch=0&cr=0&cs=0&cv=1&dr=0&ds=3&er=&expire=1628218617&ft=Q9BExEBe_4ka&l=20210805205647010190218096442D0745&lr=tiktok_m&mime_type=video_mp4&net=0&pl=0&policy=2&qs=0&rc=M3Q5cXRvbmg6czMzNzczM0ApNDs4Z2dlM2U3N2RnaGQ1NWduMWkvcnM0ZzNfLS0wMTZzc2EvNTNiMzA0NmItM2JfYzM6Yw%3D%3D&signature=dba60730ba4d3299639d2633506903b7&tk=tt_webid_v2&vl=&vr=","","",1280,720,10,158900,785,338700,231,false,"[]","[]","[]"
"6794599415773531398","6794599415773531398","trying to better myself, kinda proud üòå",1581990958,"6792740569006326789","MS4wLjABAAAAd56jhlTao5P0lVtbYd95Nwjuyd0dB0EPdfZrRR865-k1PLlIuGDVyc9ghYuio9hP","covid.19virus","anthony cervantes",false,"it‚Äôs cervantes, not cerv 
congrats, you found me
follow my igüòé","https://p16-sign-va.tiktokcdn.com/musically-maliva-obj/1658384264178709~c5_1080x1080.jpeg?x-expires=1628280000&x-signature=UNWV1DRZKQTRWNle%2FXRH8t3Z0N0%3D",23,159200,2600000,40,111,"6703427142346083074","death bed (coffee for your head)","Powfu & beabadoobee",false,"death bed (coffee for your head)","https://sf16-ies-music-va.tiktokcdn.com/obj/tos-useast2a-ve-2774/3efc93a675e44831a990fdb021483103","https://p77-va.tiktokcdn.com/img/tos-useast2a-v-2774/5f642d2035e1439d8ff0a6c5225d7506~c5_100x100.jpeg","https://p77-va.tiktokcdn.com/img/tos-useast2a-v-2774/5f642d2035e1439d8ff0a6c5225d7506~c5_200x200.jpeg","https://p77-va.tiktokcdn.com/img/tos-useast2a-v-2774/5f642d2035e1439d8ff0a6c5225d7506~c5_720x720.jpeg",52,"https://p16-sign-va.tiktokcdn.com/obj/tos-maliva-p-0068/c71894c8814041ff9a5b045b10343d9f_1581990961?x-expires=1628215200&x-signature=t9PtOpJsA8aWGCWt1Nxn08IQFJc%3D","https://p16-sign-va.tiktokcdn.com/obj/tos-maliva-p-0068/65723be48a8a43d2b34bd4101cca7ff0_1581990961?x-expires=1628215200&x-signature=225ZJoE8RdA5MYj5juNaPqfJi3s%3D","https://p16-sign-va.tiktokcdn.com/obj/tos-maliva-p-0068/beb0741a99874bde937bc45e9e37cf4b_1581990961?x-expires=1628215200&x-signature=Y5q6%2B11mYEoR%2FCsPbHUf3cUuHTU%3D","https://www.tiktok.com/@covid.19virus/video/6794599415773531398","https://v16-web.tiktok.com/video/tos/useast2a/tos-useast2a-ve-0068c003/f352502c245548b486ebc5b7558ee3d7/?a=1988&br=2418&bt=1209&cd=0%7C0%7C1&ch=0&cr=0&cs=0&cv=1&dr=0&ds=3&er=&expire=1628218622&ft=Q9BExEBe_4ka&l=20210805205647010190218096442D0745&lr=tiktok_m&mime_type=video_mp4&net=0&pl=0&policy=2&qs=0&rc=anZvODg2bzduczMzNDczM0ApZ2Q8OWk2aDxlNzo1aTk2aWdyL2FoaTVuNTJfLS0yMTZzcy1jYmI1YC4zNmNjNl8wXjA6Yw%3D%3D&signature=454de6248a05c579fa1961553cac74aa&tk=tt_webid_v2&vl=&vr=","","",1280,720,15,154200,575,381100,1360,false,"[]","[]","[]"
"6794275468569742598","6794275468569742598","look, another one",1581915534,"6792740569006326789","MS4wLjABAAAAd56jhlTao5P0lVtbYd95Nwjuyd0dB0EPdfZrRR865-k1PLlIuGDVyc9ghYuio9hP","covid.19virus","anthony cervantes",false,"it‚Äôs cervantes, not cerv 
congrats, you found me
follow my igüòé","https://p16-sign-va.tiktokcdn.com/musically-maliva-obj/1658384264178709~c5_1080x1080.jpeg?x-expires=1628280000&x-signature=UNWV1DRZKQTRWNle%2FXRH8t3Z0N0%3D",23,159200,2600000,40,111,"6794127285092961030","original sound","anthony cervantes",true,"","https://sf16-ies-music-va.tiktokcdn.com/obj/musically-maliva-obj/1658730781967414.mp3","https://p16-sign-va.tiktokcdn.com/musically-maliva-obj/1658384264178709~c5_100x100.jpeg?x-expires=1628280000&x-signature=it37ktAOPkmzxPEzW4ddmJ3TUy0%3D","https://p16-sign-va.tiktokcdn.com/musically-maliva-obj/1658384264178709~c5_720x720.jpeg?x-expires=1628280000&x-signature=1kx5Sqnnkr1PTVCURgiQqAtjwQY%3D","https://p16-sign-va.tiktokcdn.com/musically-maliva-obj/1658384264178709~c5_1080x1080.jpeg?x-expires=1628280000&x-signature=UNWV1DRZKQTRWNle%2FXRH8t3Z0N0%3D",8,"https://p16-sign-va.tiktokcdn.com/obj/tos-maliva-p-0068/57b0e91f7e634d4798957ddda567bdeb_1581915536?x-expires=1628215200&x-signature=vDBfor30RaAxnhpRh5y8mO6rVlU%3D","https://p16-sign-va.tiktokcdn.com/obj/tos-maliva-p-0068/f8b7d90b215547b888de21c2f621380b_1581915536?x-expires=1628215200&x-signature=KwX1v5j8Dzv2s%2F0KY9bq7y7h6jA%3D","https://p16-sign-va.tiktokcdn.com/obj/tos-maliva-p-0068/5e4a4dabe1454577a8311a589f30e67f_1581915537?x-expires=1628215200&x-signature=mtLg%2B88%2B51fcfNPBh5ok3QCPQyw%3D","https://www.tiktok.com/@covid.19virus/video/6794275468569742598","https://v16-web.tiktok.com/video/tos/useast2a/tos-useast2a-ve-0068/c43a602d1b40470dbb47fd422997a7fa/?a=1988&br=2076&bt=1038&cd=0%7C0%7C1&ch=0&cr=0&cs=0&cv=1&dr=0&ds=3&er=&expire=1628218615&ft=Q9BExEBe_4ka&l=20210805205647010189071030452C60BA&lr=tiktok_m&mime_type=video_mp4&net=0&pl=0&policy=2&qs=0&rc=M2VtcGxmeXU0czMzZDczM0ApZzM2NzlpNjtmNzk1ZjdpZ2dsNjIta2A0bjJfLS00MTZzczItNC81MDNhYWFhXjYvLl46Yw%3D%3D&signature=4881f35923cb883023f0928de14c6af1&tk=tt_webid_v2&vl=&vr=","","",1080,606,8,12800,63,63400,182,false,"[]","[]","[]"
"6794265021607070981","6794265021607070981","me being cute n shi",1581913101,"6792740569006326789","MS4wLjABAAAAd56jhlTao5P0lVtbYd95Nwjuyd0dB0EPdfZrRR865-k1PLlIuGDVyc9ghYuio9hP","covid.19virus","anthony cervantes",false,"it‚Äôs cervantes, not cerv 
congrats, you found me
follow my igüòé","https://p16-sign-va.tiktokcdn.com/musically-maliva-obj/1658384264178709~c5_1080x1080.jpeg?x-expires=1628280000&x-signature=UNWV1DRZKQTRWNle%2FXRH8t3Z0N0%3D",23,159200,2600000,40,111,"6794226975016864517","original sound","anthony cervantes",true,"","https://sf16-ies-music-va.tiktokcdn.com/obj/musically-maliva-obj/1658747155315718.mp3","https://p16-sign-va.tiktokcdn.com/musically-maliva-obj/1658384264178709~c5_100x100.jpeg?x-expires=1628280000&x-signature=it37ktAOPkmzxPEzW4ddmJ3TUy0%3D","https://p16-sign-va.tiktokcdn.com/musically-maliva-obj/1658384264178709~c5_720x720.jpeg?x-expires=1628280000&x-signature=1kx5Sqnnkr1PTVCURgiQqAtjwQY%3D","https://p16-sign-va.tiktokcdn.com/musically-maliva-obj/1658384264178709~c5_1080x1080.jpeg?x-expires=1628280000&x-signature=UNWV1DRZKQTRWNle%2FXRH8t3Z0N0%3D",14,"https://p16-sign-va.tiktokcdn.com/obj/tos-maliva-p-0068/192b1dc68d3345829598c523d37f644b_1581913104?x-expires=1628215200&x-signature=yGp9PBxZBAy%2FKf57MbRtMbOd64E%3D","https://p16-sign-va.tiktokcdn.com/obj/tos-maliva-p-0068/12f92b14e5424ea9829db1d1c7f1c96c_1581913104?x-expires=1628215200&x-signature=%2B%2Fy8nLCpF%2Fr10pac2MdRzjOJD0U%3D","https://p16-sign-va.tiktokcdn.com/obj/tos-maliva-p-0068/6fed9052c1964e0f96c38680c62f6a6f_1581913105?x-expires=1628215200&x-signature=L6cJOPSxs0dCOrC%2FEidl%2F9o1O%2Fk%3D","https://www.tiktok.com/@covid.19virus/video/6794265021607070981","https://v16-web.tiktok.com/video/tos/useast2a/tos-useast2a-ve-0068c002/6e45b7bf7e0c49db83eff60f73d76bd0/?a=1988&br=2068&bt=1034&cd=0%7C0%7C1&ch=0&cr=0&cs=0&cv=1&dr=0&ds=3&er=&expire=1628218622&ft=Q9BExEBe_4ka&l=20210805205647010189071030452C60BA&lr=tiktok_m&mime_type=video_mp4&net=0&pl=0&policy=2&qs=0&rc=M2RuanU1Om00czMzNzczM0ApaGk2NWlmNmVmNzZmZTU4O2djZWNvLjFjNDJfLS0zMTZzczEyMC9jLmEzYy1fNDAxNGA6Yw%3D%3D&signature=05e2f4b66629770772f5571e8e48c72e&tk=tt_webid_v2&vl=&vr=","","",1024,576,15,9860,47,53300,105,false,"[]","[]","[]"
"6794247790647201030","6794247790647201030","giving ariola granade a run for her money üòç #singing #vocal #bigstar #arianagrande",1581909089,"6792740569006326789","MS4wLjABAAAAd56jhlTao5P0lVtbYd95Nwjuyd0dB0EPdfZrRR865-k1PLlIuGDVyc9ghYuio9hP","covid.19virus","anthony cervantes",false,"it‚Äôs cervantes, not cerv 
congrats, you found me
follow my igüòé","https://p16-sign-va.tiktokcdn.com/musically-maliva-obj/1658384264178709~c5_1080x1080.jpeg?x-expires=1628280000&x-signature=UNWV1DRZKQTRWNle%2FXRH8t3Z0N0%3D",23,159200,2600000,40,111,"6794145008233958150","original sound","anthony cervantes",true,"","https://sf16-ies-music-va.tiktokcdn.com/obj/musically-maliva-obj/1658726407784486.mp3","https://p16-sign-va.tiktokcdn.com/musically-maliva-obj/1658384264178709~c5_100x100.jpeg?x-expires=1628280000&x-signature=it37ktAOPkmzxPEzW4ddmJ3TUy0%3D","https://p16-sign-va.tiktokcdn.com/musically-maliva-obj/1658384264178709~c5_720x720.jpeg?x-expires=1628280000&x-signature=1kx5Sqnnkr1PTVCURgiQqAtjwQY%3D","https://p16-sign-va.tiktokcdn.com/musically-maliva-obj/1658384264178709~c5_1080x1080.jpeg?x-expires=1628280000&x-signature=UNWV1DRZKQTRWNle%2FXRH8t3Z0N0%3D",28,"https://p16-sign-va.tiktokcdn.com/obj/tos-maliva-p-0068/c8c41f44ff9541f984ef1b3d7c350c16_1581909094?x-expires=1628215200&x-signature=dqjf%2FoNLKGnIQ4O65PQeH8GghBQ%3D","https://p16-sign-va.tiktokcdn.com/obj/tos-maliva-p-0068/c2e8250fce4241388d0a4feb454823b4_1581909094?x-expires=1628215200&x-signature=Nwm7anLFTP0BTvixaQTm4MoXvcE%3D","https://p16-sign-va.tiktokcdn.com/obj/tos-maliva-p-0068/861f8dea7cef4d98822b080ca722bc40_1581909094?x-expires=1628215200&x-signature=Jm1w7py9%2BXRSBGKe3apG%2FCLpVj0%3D","https://www.tiktok.com/@covid.19virus/video/6794247790647201030","https://v16-web.tiktok.com/video/tos/useast2a/tos-useast2a-ve-0068c003/b5ef0b2454f9407aadc999e4de008166/?a=1988&br=2646&bt=1323&cd=0%7C0%7C1&ch=0&cr=0&cs=0&cv=1&dr=0&ds=3&er=&expire=1628218635&ft=Q9BExEBe_4ka&l=20210805205647010189071030452C60BA&lr=tiktok_m&mime_type=video_mp4&net=0&pl=0&policy=2&qs=0&rc=M3Q0PDM0azczczMzNzczM0ApNWk4Mzo2NGQ6Nzk5Zzs3NGczb3JvLW5mNTJfLS02MTZzc2BiMDZjYmBhNTE0YDM0YzM6Yw%3D%3D&signature=de9ee7dd90da4769abc295f3e2e4a0dc&tk=tt_webid_v2&vl=&vr=","","",1280,720,28,13700,240,59900,180,false,"[]","[{""id"":""8247"",""name"":""singing"",""title"":""If you or someone you know wants to show off your singing talent, do it here. Now is the time to upload your video, show off your skills ... and maybe even get discovered."",""cover"":""""},{""id"":""89360"",""name"":""vocal"",""title"":"""",""cover"":""""},{""id"":""67614"",""name"":""bigstar"",""title"":"""",""cover"":""""},{""id"":""626"",""name"":""arianagrande"",""title"":"""",""cover"":""""}]","[]"
"6794245655507275014","6794245655507275014","",1581908592,"6792740569006326789","MS4wLjABAAAAd56jhlTao5P0lVtbYd95Nwjuyd0dB0EPdfZrRR865-k1PLlIuGDVyc9ghYuio9hP","covid.19virus","anthony cervantes",false,"it‚Äôs cervantes, not cerv 
congrats, you found me
follow my igüòé","https://p16-sign-va.tiktokcdn.com/musically-maliva-obj/1658384264178709~c5_1080x1080.jpeg?x-expires=1628280000&x-signature=UNWV1DRZKQTRWNle%2FXRH8t3Z0N0%3D",23,159200,2600000,40,111,"6681206673593420546","","",true,"","","","","",15,"https://p16-sign-va.tiktokcdn.com/obj/tos-maliva-p-0068/09bc4263c0054ace8a523dd698f5d618_1581908595?x-expires=1628215200&x-signature=DAaRF%2B%2FI1gydanH6bSzzKmA4lq4%3D","https://p16-sign-va.tiktokcdn.com/obj/tos-maliva-p-0068/c734d84752de4e488b0ef59dd700a83f_1581908595?x-expires=1628215200&x-signature=3bqgdWmTLSirvNYJrQ0gTWroD2c%3D","https://p16-sign-va.tiktokcdn.com/obj/tos-maliva-p-0068/8d657fe3665d4df482282e890f1ea233_1581908595?x-expires=1628215200&x-signature=pTcW%2FKd913yLNpYT%2BJaiKyr0BOI%3D","https://www.tiktok.com/@covid.19virus/video/6794245655507275014","https://v16-web.tiktok.com/video/tos/useast2a/tos-useast2a-ve-0068c003/321347f5901a4ca98202915ab5b4fed3/?a=1988&br=3562&bt=1781&cd=0%7C0%7C1&ch=0&cr=0&cs=0&cv=1&dr=0&ds=3&er=&expire=1628218617&ft=Q9BExEBe_4ka&l=20210805205647010189071030452C60BA&lr=tiktok_m&mime_type=video_mp4&net=0&pl=0&policy=2&qs=0&rc=anB3dWx3OnEzczMzZDczM0ApOWgzNmczOTw2Nzw3NWg0NWdvLm9eL2pnMTJfLS1hMTZzczYzYC8uMzIxNS4tMTM0MmM6Yw%3D%3D&signature=c3cccc32fe03516445ad6537d65d9d82&tk=tt_webid_v2&vl=&vr=","","",1280,720,10,17800,91,68700,141,false,"[]","[]","[{""id"":""234469"",""name"":""El Sigue-caras""}]"
"6794235252370918662","6794235252370918662","ppl that have a three letter name ü§¢ü§Æ",1581906169,"6792740569006326789","MS4wLjABAAAAd56jhlTao5P0lVtbYd95Nwjuyd0dB0EPdfZrRR865-k1PLlIuGDVyc9ghYuio9hP","covid.19virus","anthony cervantes",false,"it‚Äôs cervantes, not cerv 
congrats, you found me
follow my igüòé","https://p16-sign-va.tiktokcdn.com/musically-maliva-obj/1658384264178709~c5_1080x1080.jpeg?x-expires=1628280000&x-signature=UNWV1DRZKQTRWNle%2FXRH8t3Z0N0%3D",23,159200,2600000,40,111,"6786126162360929029","original sound","laii",true,"","https://sf16-ies-music-va.tiktokcdn.com/obj/musically-maliva-obj/6934788146337024773.mp3","https://p16-sign-va.tiktokcdn.com/tos-maliva-avt-0068/407d6c5fffafb8c5fae610bc458e7c7b~c5_100x100.jpeg?x-expires=1628280000&x-signature=TMKdy47Y1DXYO0%2FqeoDWvWnZVwM%3D","https://p16-sign-va.tiktokcdn.com/tos-maliva-avt-0068/407d6c5fffafb8c5fae610bc458e7c7b~c5_720x720.jpeg?x-expires=1628280000&x-signature=CmbqyJt4yqpWmau2I%2FGNvTPCwpA%3D","https://p16-sign-va.tiktokcdn.com/tos-maliva-avt-0068/407d6c5fffafb8c5fae610bc458e7c7b~c5_1080x1080.jpeg?x-expires=1628280000&x-signature=niRCuNI0yIKBf1CAyFIVORNDOvk%3D",9,"https://p16-sign-va.tiktokcdn.com/obj/tos-maliva-p-0068/bd17148f71f54f7eb5fe8392a25d72b5_1581906172?x-expires=1628215200&x-signature=YMlKap1P7%2FYbC%2FMLNONGHO4OGsM%3D","https://p16-sign-va.tiktokcdn.com/obj/tos-maliva-p-0068/77398390939745209151f2294e44712a_1581906172?x-expires=1628215200&x-signature=v6Ll%2FRugTfQgFfd6tVfr230pkcA%3D","https://p16-sign-va.tiktokcdn.com/obj/tos-maliva-p-0068/eed73172002744de8717b7937f6a8757_1581906173?x-expires=1628215200&x-signature=AZaWEGjllyIq02qor6rUO6fmmJk%3D","https://www.tiktok.com/@covid.19virus/video/6794235252370918662","https://v16-web.tiktok.com/video/tos/useast2a/tos-useast2a-ve-0068c002/c97531a2df9c4bcb8c582146cc92d034/?a=1988&br=4520&bt=2260&cd=0%7C0%7C1&ch=0&cr=0&cs=0&cv=1&dr=0&ds=3&er=&expire=1628218617&ft=Q9BExEBe_4ka&l=20210805205647010189071030452C60BA&lr=tiktok_m&mime_type=video_mp4&net=0&pl=0&policy=2&qs=0&rc=M2drbGRydnR5czMzNzczM0ApaTg0NjYzNDw5N2g5NjQ4Z2cvc2JpYWBjZTFfLS0zMTZzczYtLmJiYF5eYl4yMTQwYDM6Yw%3D%3D&signature=0d83c7c31d17e257508bea6ed2f0d807&tk=tt_webid_v2&vl=&vr=","","",1280,720,10,253200,2192,846900,16200,false,"[]","[]","[]"
"6794142774649294086","6794142774649294086","HURT LIKE A B‚ö°Ô∏èTCH",1581884637,"6792740569006326789","MS4wLjABAAAAd56jhlTao5P0lVtbYd95Nwjuyd0dB0EPdfZrRR865-k1PLlIuGDVyc9ghYuio9hP","covid.19virus","anthony cervantes",false,"it‚Äôs cervantes, not cerv 
congrats, you found me
follow my igüòé","https://p16-sign-va.tiktokcdn.com/musically-maliva-obj/1658384264178709~c5_1080x1080.jpeg?x-expires=1628280000&x-signature=UNWV1DRZKQTRWNle%2FXRH8t3Z0N0%3D",23,159200,2600000,40,111,"6785319394022034182","Different Varieties","KINGMOSTWANTED",false,"","https://sf16-ies-music-va.tiktokcdn.com/obj/tos-useast2a-ve-2774/4c887a2b48ef47aeb7f19a0c22a769bd","https://p77-va.tiktokcdn.com/img/tos-useast2a-v-2774/3ff816c37bd0430abe60ef2f8485f694~c5_100x100.jpeg","https://p77-va.tiktokcdn.com/img/tos-useast2a-v-2774/3ff816c37bd0430abe60ef2f8485f694~c5_200x200.jpeg","https://p77-va.tiktokcdn.com/img/tos-useast2a-v-2774/3ff816c37bd0430abe60ef2f8485f694~c5_720x720.jpeg",16,"https://p16-sign-va.tiktokcdn.com/obj/tos-maliva-p-0068/8b02d4e8892b40c9810b89ec61c59904_1581884640?x-expires=1628215200&x-signature=VQ%2FiPd6%2FG7HrnxDOMRr9DA9dLJ8%3D","https://p16-sign-va.tiktokcdn.com/obj/tos-maliva-p-0068/62ed7bcf43ed4f408db30f41fe5dd991_1581884641?x-expires=1628215200&x-signature=eVLO%2BHtRnBaWRErp7LTR%2B%2FzFlwk%3D","https://p16-sign-va.tiktokcdn.com/obj/tos-maliva-p-0068/7dace572597843088e5fdd78029be76c_1581884641?x-expires=1628215200&x-signature=N1NxKZsoBt%2FfJnMj7aAqNAHITcs%3D","https://www.tiktok.com/@covid.19virus/video/6794142774649294086","https://v16-web.tiktok.com/video/tos/useast2a/tos-useast2a-ve-0068c001/826574e37b1740ab9c47415a7434cd08/?a=1988&br=2894&bt=1447&cd=0%7C0%7C1&ch=0&cr=0&cs=0&cv=1&dr=0&ds=3&er=&expire=1628218622&ft=Q9BExEBe_4ka&l=20210805205647010189071030452C60BA&lr=tiktok_m&mime_type=video_mp4&net=0&pl=0&policy=2&qs=0&rc=anR3ZWhqOXh0czMzNzczM0ApZWc4ZjY3ODtnNzdmODdnNGcwYDNxZV5eNTFfLS02MTZzc2IuNjUzXi8wMGMtYi0xMy46Yw%3D%3D&signature=512fa768cc091fbc09808d28f8197377&tk=tt_webid_v2&vl=&vr=","","",1280,720,15,138800,567,342200,258,false,"[]","[]","[]"
"6794132353615695110","6794132353615695110","let‚Äôs pretend that the end didn‚Äôt happen. dc @_.xoxlaii",1581882210,"6792740569006326789","MS4wLjABAAAAd56jhlTao5P0lVtbYd95Nwjuyd0dB0EPdfZrRR865-k1PLlIuGDVyc9ghYuio9hP","covid.19virus","anthony cervantes",false,"it‚Äôs cervantes, not cerv 
congrats, you found me
follow my igüòé","https://p16-sign-va.tiktokcdn.com/musically-maliva-obj/1658384264178709~c5_1080x1080.jpeg?x-expires=1628280000&x-signature=UNWV1DRZKQTRWNle%2FXRH8t3Z0N0%3D",23,159200,2600000,40,111,"6744446812653947654","Lottery","K CAMP",false,"Lottery","https://sf16-ies-music-va.tiktokcdn.com/obj/tos-useast2a-ve-2774/7a07a54931264358b74bde6eb6e355ce","https://p77-va.tiktokcdn.com/img/tos-useast2a-v-2774/32887b756d364ac0be6c6033a3e01e42~c5_100x100.jpeg","https://p77-va.tiktokcdn.com/img/tos-useast2a-v-2774/32887b756d364ac0be6c6033a3e01e42~c5_200x200.jpeg","https://p77-va.tiktokcdn.com/img/tos-useast2a-v-2774/32887b756d364ac0be6c6033a3e01e42~c5_720x720.jpeg",20,"https://p16-sign-va.tiktokcdn.com/obj/tos-maliva-p-0068/5bb86b47fbb3474083a4f7ce1fd5bd20_1581882216?x-expires=1628215200&x-signature=m0gCtUxSYbRdu1dBAcGcNk4To0w%3D","https://p16-sign-va.tiktokcdn.com/obj/tos-maliva-p-0068/f218e7d74c8c4522a0237389cb1c6c29_1581882217?x-expires=1628215200&x-signature=jOdPB0AdJ%2FzPosYDdHZXupsHz%2FU%3D","https://p16-sign-va.tiktokcdn.com/obj/tos-maliva-p-0068/be5c816b95834d46b0b2d796a0430fd2_1581882216?x-expires=1628215200&x-signature=56qLFviRNHT9RR8f%2Fb%2B2zylPLrA%3D","https://www.tiktok.com/@covid.19virus/video/6794132353615695110","https://v16-web.tiktok.com/video/tos/useast2a/tos-useast2a-ve-0068/15bd934d545e443991ddabf5227f9422/?a=1988&br=2936&bt=1468&cd=0%7C0%7C1&ch=0&cr=0&cs=0&cv=1&dr=0&ds=3&er=&expire=1628218627&ft=Q9BExEBe_4ka&l=20210805205647010189071030452C60BA&lr=tiktok_m&mime_type=video_mp4&net=0&pl=0&policy=2&qs=0&rc=ajozM3I6bnFzczMzNzczM0ApOjozNzhpOmQzNzhnZzU6NWctb3FzX2VfaTFfLS02MTZzczIxX2EzMjMwMzYtNmFjLzU6Yw%3D%3D&signature=c231ebff8e03d05c35a292a1af8fc085&tk=tt_webid_v2&vl=&vr=","","",1280,720,20,25300,136,87900,144,false,"[""@_""]","[]","[]"
"6793483300536175877","6793483300536175877","@mukhtarhuh üêìüêìüêì (pls follow me)",1581731092,"6792740569006326789","MS4wLjABAAAAd56jhlTao5P0lVtbYd95Nwjuyd0dB0EPdfZrRR865-k1PLlIuGDVyc9ghYuio9hP","covid.19virus","anthony cervantes",false,"it‚Äôs cervantes, not cerv 
congrats, you found me
follow my igüòé","https://p16-sign-va.tiktokcdn.com/musically-maliva-obj/1658384264178709~c5_1080x1080.jpeg?x-expires=1628280000&x-signature=UNWV1DRZKQTRWNle%2FXRH8t3Z0N0%3D",23,159200,2600000,40,111,"6793479475163171590","original sound","anthony cervantes",true,"","https://sf16-ies-music-va.tiktokcdn.com/obj/musically-maliva-obj/1658564723820565.mp3","https://p16-sign-va.tiktokcdn.com/musically-maliva-obj/1658384264178709~c5_100x100.jpeg?x-expires=1628280000&x-signature=it37ktAOPkmzxPEzW4ddmJ3TUy0%3D","https://p16-sign-va.tiktokcdn.com/musically-maliva-obj/1658384264178709~c5_720x720.jpeg?x-expires=1628280000&x-signature=1kx5Sqnnkr1PTVCURgiQqAtjwQY%3D","https://p16-sign-va.tiktokcdn.com/musically-maliva-obj/1658384264178709~c5_1080x1080.jpeg?x-expires=1628280000&x-signature=UNWV1DRZKQTRWNle%2FXRH8t3Z0N0%3D",15,"https://p16-sign-va.tiktokcdn.com/obj/tos-maliva-p-0068/ac675bd868dc416ea9df88f0c54998d1_1581731095?x-expires=1628215200&x-signature=70jDwTnJxwMcKdGv9PqhoxK55bc%3D","https://p16-sign-va.tiktokcdn.com/obj/tos-maliva-p-0068/8331f1ed38c9457f910535a213022dfe_1581731095?x-expires=1628215200&x-signature=5l8KlJa6tPJKEzmzhEev09afSww%3D","https://p16-sign-va.tiktokcdn.com/obj/tos-maliva-p-0068/5a178d7261ce471d8a99255cc78260ad_1581731096?x-expires=1628215200&x-signature=nvWbvVVTRPmCBFis5Lf7ELVfRB4%3D","https://www.tiktok.com/@covid.19virus/video/6793483300536175877","https://v16-web.tiktok.com/video/tos/useast2a/tos-useast2a-ve-0068c001/495441511bf14db0853da6c562bdc4cf/?a=1988&br=3910&bt=1955&cd=0%7C0%7C1&ch=0&cr=0&cs=0&cv=1&dr=0&ds=3&er=&expire=1628218622&ft=Q9BExEBe_4ka&l=20210805205647010189071030452C60BA&lr=tiktok_m&mime_type=video_mp4&net=0&pl=0&policy=2&qs=0&rc=M207bDt4N2huczMzZDczM0ApZDNoOjczaDw6N2UzZzVmNWc1MDUvLTJgbTBfLS00MTZzcy4yMWIvMF4tYS8tYTFjLS86Yw%3D%3D&signature=93d582a1dbfff2b27c84dd6e47d57fdd&tk=tt_webid_v2&vl=&vr=","","",1280,720,15,17600,367,65000,186,false,"[""@mukhtarhuh""]","[]","[]"
"6793027361861291270","6793027361861291270","so HOLY",1581624935,"6792740569006326789","MS4wLjABAAAAd56jhlTao5P0lVtbYd95Nwjuyd0dB0EPdfZrRR865-k1PLlIuGDVyc9ghYuio9hP","covid.19virus","anthony cervantes",false,"it‚Äôs cervantes, not cerv 
congrats, you found me
follow my igüòé","https://p16-sign-va.tiktokcdn.com/musically-maliva-obj/1658384264178709~c5_1080x1080.jpeg?x-expires=1628280000&x-signature=UNWV1DRZKQTRWNle%2FXRH8t3Z0N0%3D",23,159200,2600000,40,111,"6782222148476947205","Don't Start Now","Dua Lipa",false,"Don't Start Now","https://sf16-ies-music-va.tiktokcdn.com/obj/tos-useast2a-ve-2774/6d18285b9495486cb43d6d895a91e60f","https://p77-va.tiktokcdn.com/img/tos-useast2a-v-2774/f1bbec99b7874521b9119f918e20edc7~c5_100x100.jpeg","https://p77-va.tiktokcdn.com/img/tos-useast2a-v-2774/f1bbec99b7874521b9119f918e20edc7~c5_200x200.jpeg","https://p77-va.tiktokcdn.com/img/tos-useast2a-v-2774/f1bbec99b7874521b9119f918e20edc7~c5_720x720.jpeg",15,"https://p16-sign-va.tiktokcdn.com/obj/tos-maliva-p-0068/66715af08b564c428449ac74449d6d20_1581624938?x-expires=1628215200&x-signature=tcc%2Fzqtsjh2NvmOY6MP3h7SUfFA%3D","https://p16-sign-va.tiktokcdn.com/obj/tos-maliva-p-0068/1c57481d5e05420b94bce28e9d88e886_1581624938?x-expires=1628215200&x-signature=DPD4DsOdBTrRgUquCQCk%2FEr90BQ%3D","https://p16-sign-va.tiktokcdn.com/obj/tos-maliva-p-0068/57efaad1fa3a469097ed03a4358e7520_1581624938?x-expires=1628215200&x-signature=eY9gnQgMJLFz1sQ7oiEXoykgPLc%3D","https://www.tiktok.com/@covid.19virus/video/6793027361861291270","https://v16-web.tiktok.com/video/tos/useast2a/tos-useast2a-ve-0068c003/843b923e272944edbb37e292533df013/?a=1988&br=3238&bt=1619&cd=0%7C0%7C1&ch=0&cr=0&cs=0&cv=1&dr=0&ds=3&er=&expire=1628218622&ft=Q9BExEBe_4ka&l=20210805205647010189071030452C60BA&lr=tiktok_m&mime_type=video_mp4&net=0&pl=0&policy=2&qs=0&rc=ankzbGRydnF0czMzNzczM0ApNGQzZWU5M2QzNzdpZTg7OmdybmBpYWBzcC9fLS0zMTZzc2JhY2FhYDMtYDAwM2MxLWM6Yw%3D%3D&signature=4c49edac9ef6752e9f1b3d2255e2b04e&tk=tt_webid_v2&vl=&vr=","","",1280,720,15,72900,218,180100,158,false,"[]","[]","[]"
"6792757315025046790","6792757315025046790","this is kinda.... holy...? ü•¥",1581562061,"6792740569006326789","MS4wLjABAAAAd56jhlTao5P0lVtbYd95Nwjuyd0dB0EPdfZrRR865-k1PLlIuGDVyc9ghYuio9hP","covid.19virus","anthony cervantes",false,"it‚Äôs cervantes, not cerv 
congrats, you found me
follow my igüòé","https://p16-sign-va.tiktokcdn.com/musically-maliva-obj/1658384264178709~c5_1080x1080.jpeg?x-expires=1628280000&x-signature=UNWV1DRZKQTRWNle%2FXRH8t3Z0N0%3D",23,159200,2600000,40,111,"6747751045713201926","AhiChallenge","RODü•¥",true,"","https://sf16-ies-music-va.tiktokcdn.com/obj/musically-maliva-obj/1647403250456630.mp3","https://p16-sign-va.tiktokcdn.com/tos-maliva-avt-0068/acef6dc05292050a294b0b65dbdec47d~c5_100x100.jpeg?x-expires=1628280000&x-signature=%2B9MLONCXFDOd0oxKmh4v17UxxB0%3D","https://p16-sign-va.tiktokcdn.com/tos-maliva-avt-0068/acef6dc05292050a294b0b65dbdec47d~c5_720x720.jpeg?x-expires=1628280000&x-signature=5ckrywaz%2FrOSrUpzerl3ZI7TULM%3D","https://p16-sign-va.tiktokcdn.com/tos-maliva-avt-0068/acef6dc05292050a294b0b65dbdec47d~c5_1080x1080.jpeg?x-expires=1628280000&x-signature=3ghhoa38ReWaJ2c1hAwCcS31sRk%3D",11,"https://p16-sign-va.tiktokcdn.com/obj/tos-maliva-p-0068/9a3f1aa637654371b2ad656c8f6fc8eb_1581562063?x-expires=1628215200&x-signature=tDXLa%2By17ovRKb06%2B5%2BTIzUcPUU%3D","https://p16-sign-va.tiktokcdn.com/obj/tos-maliva-p-0068/991beb055e444ab0863317d52b1e492d_1581562063?x-expires=1628215200&x-signature=ZuVWceqpqugVAz4wt%2BqGqF4E1eA%3D","https://p16-sign-va.tiktokcdn.com/obj/tos-maliva-p-0068/c6f83d2e9add46e0b567394b91159ed3_1581562063?x-expires=1628215200&x-signature=Y8%2Be%2F4rXhde%2FRhDrD5NPghvE%2BcI%3D","https://www.tiktok.com/@covid.19virus/video/6792757315025046790","https://v16-web.tiktok.com/video/tos/useast2a/tos-useast2a-ve-0068/66c6a4a2f95f4128a37a4ab40a75dbcd/?a=1988&br=3544&bt=1772&cd=0%7C0%7C1&ch=0&cr=0&cs=0&cv=1&dr=0&ds=3&er=&expire=1628218618&ft=Q9BExEBe_4ka&l=20210805205647010189071030452C60BA&lr=tiktok_m&mime_type=video_mp4&net=0&pl=0&policy=2&qs=0&rc=ajY6M3lrNztlczMzNDczM0ApOmk3OWY0O2U3Nzs5NjQzZ2dqYWsxMHIuZS9fLS1jMTZzcy5eMTNiLWItYjFeMi8wM2M6Yw%3D%3D&signature=a24bfe0eea32dfb22c703a68f71b7a78&tk=tt_webid_v2&vl=&vr=","","",1280,720,11,26800,296,101000,303,false,"[]","[]","[]"